flight_number,origin,destination,departure_time,aircraft_type,occurrences
2L9219,BCN,ZRH,16:05,E95,1
3F777,EVN,AMS,13:10,320,9
3F778,AMS,EVN,19:20,320,9
3O121,NDR,AMS,06:00,320,265
3O122,AMS,NDR,10:10,320,262
3O123,TNG,AMS,04:55,320,13
3O124,AMS,TNG,09:20,320,13
3O125,FEZ,AMS,15:00,320,43
3O126,AMS,FEZ,19:20,320,43
3O127,TNG,AMS,05:55,320,299
3O128,AMS,TNG,18:10,320,301
3O145,TTU,AMS,14:20,320,114
3O146,AMS,TTU,10:10,320,111
3O9901,DUS,AMS,07:35,320,2
3O9902,RJK,AMS,16:30,738,1
3O9903,VNO,AMS,06:19,738,1
3O9904,AMS,VNO,08:00,738,1
3O9905,AMS,BRU,09:20,320,1
3O993,VNO,AMS,09:35,738,1
3O994,AMS,VNO,14:30,738,1
3V4678,TLV,CDG,20:43,738,1
400310,TGD,ZRH,09:20,E95,142
400311,ZRH,TGD,12:00,E95,138
4Y002,FRA,PUJ,11:05,333,193
4Y003,PUJ,FRA,23:10,333,189
4Y010,FRA,CUN,09:25,333,101
4Y011,CUN,FRA,23:10,333,99
4Y012,FRA,TQO,09:20,333,32
4Y013,TQO,FRA,23:05,333,31
4Y050,FRA,PHL,11:10,333,269
4Y051,PHL,FRA,21:35,333,264
4Y052,FRA,MSP,09:30,333,101
4Y053,MSP,FRA,21:00,333,99
4Y054,FRA,LAS,11:45,333,186
4Y055,LAS,FRA,04:10,333,185
4Y056,FRA,MCO,15:45,333,4
4Y057,MCO,FRA,04:25,333,4
4Y060,FRA,RSW,11:05,333,125
4Y061,RSW,FRA,23:15,333,125
4Y062,FRA,ANC,11:20,333,28
4Y063,ANC,FRA,23:05,333,28
4Y064,FRA,TPA,09:30,333,375
4Y065,TPA,FRA,21:55,333,365
4Y068,FRA,MCO,12:10,333,387
4Y069,MCO,FRA,23:50,333,385
4Y071,MCO,FRA,00:45,332,2
4Y072,FRA,YHZ,17:35,333,5
4Y073,YHZ,FRA,01:10,333,22
4Y074,FRA,YHZ,13:40,333,172
4Y075,YHZ,FRA,22:30,333,152
4Y076,FRA,YYC,12:30,333,384
4Y077,YYC,FRA,22:50,333,377
4Y079,YYC,FRA,01:10,333,1
4Y090,FRA,YYC,09:30,333,1
4Y091,YYC,FRA,21:45,333,1
4Y1000,FRA,MUC,04:50,320,23
4Y1001,MUC,FRA,06:30,320,23
4Y1200,FRA,RHO,02:45,320,126
4Y1201,RHO,FRA,06:50,320,127
4Y1202,FRA,KGS,02:50,320,95
4Y1203,KGS,FRA,06:40,320,95
4Y1204,FRA,HER,02:50,320,253
4Y1205,HER,FRA,06:40,320,253
4Y1206,FRA,CHQ,02:50,320,112
4Y1207,CHQ,FRA,06:40,320,112
4Y1210,FRA,CFU,02:50,320,119
4Y1211,CFU,FRA,05:55,320,118
4Y1212,FRA,JSI,12:00,320,51
4Y1213,JSI,FRA,15:20,320,52
4Y1214,FRA,ZTH,05:30,320,30
4Y1215,ZTH,FRA,08:50,320,30
4Y1216,FRA,HRG,09:00,320,1
4Y1220,FRA,JTR,10:50,320,131
4Y1221,JTR,FRA,14:40,320,131
4Y1224,FRA,HER,02:50,320,123
4Y1225,HER,FRA,06:40,320,126
4Y1230,FRA,JMK,11:20,320,65
4Y1231,JMK,FRA,14:55,320,65
4Y1232,FRA,KLX,11:40,320,19
4Y1233,KLX,FRA,15:35,320,21
4Y1234,FRA,EFL,11:45,320,34
4Y1235,EFL,FRA,15:15,320,35
4Y1240,FRA,LCA,09:15,320,29
4Y1241,LCA,FRA,13:50,320,29
4Y1242,FRA,LCA,19:35,320,9
4Y1243,LCA,FRA,00:05,320,8
4Y1244,FRA,LCA,12:10,320,7
4Y1245,LCA,FRA,16:30,320,7
4Y130,FRA,ZNZ,19:45,333,57
4Y1300,FRA,EVE,07:50,320,83
4Y1301,EVE,FRA,11:35,320,83
4Y1302,FRA,ALF,08:50,320,12
4Y1303,ALF,FRA,14:05,320,12
4Y131,ZNZ,FRA,08:25,333,55
4Y1313,TFS,FRA,14:25,320,2
4Y1316,FRA,ACE,08:15,320,1
4Y132,FRA,WDH,19:55,333,238
4Y1320,FRA,KTT,09:35,320,50
4Y1321,KTT,FRA,14:10,320,50
4Y1322,FRA,KTT,08:40,320,1
4Y1323,KTT,FRA,13:20,320,1
4Y1324,FRA,FUE,08:45,320,1
4Y1325,FUE,FRA,14:10,320,1
4Y133,WDH,FRA,17:20,333,232
4Y1330,FRA,TOS,09:00,320,1
4Y1331,TOS,FRA,15:25,320,1
4Y134,FRA,MBA,17:35,333,124
4Y1342,FRA,BOO,09:50,320,8
4Y1343,BOO,FRA,14:05,320,8
4Y135,MBA,FRA,08:25,333,124
4Y136,FRA,MBA,17:35,333,80
4Y137,MBA,FRA,08:20,333,81
4Y138,FRA,WDH,19:55,333,171
4Y139,WDH,FRA,17:30,333,161
4Y140,FRA,MBA,18:55,333,14
4Y1400,FRA,BOJ,02:50,320,55
4Y1401,BOJ,FRA,06:10,320,55
4Y1408,FRA,VAR,03:00,320,154
4Y1409,VAR,FRA,06:15,320,154
4Y141,MBA,FRA,09:25,333,14
4Y1450,FRA,PMI,13:50,333,1
4Y1451,PMI,FRA,16:55,333,1
4Y1500,FRA,SNN,08:05,320,4
4Y1501,SNN,FRA,11:00,320,4
4Y152,FRA,MRU,15:40,333,78
4Y153,MRU,FRA,15:20,333,79
4Y154,FRA,MLE,18:20,333,46
4Y155,MLE,FRA,05:45,333,46
4Y156,FRA,SEZ,20:45,333,36
4Y157,SEZ,FRA,18:05,333,36
4Y1600,FRA,AYT,02:45,320,68
4Y1601,AYT,FRA,07:05,320,68
4Y1602,FRA,BJV,05:05,320,63
4Y1603,BJV,FRA,08:55,320,63
4Y2002,FRA,LRM,10:15,333,40
4Y2003,LRM,FRA,22:25,333,37
4Y2004,FRA,MBJ,10:05,333,13
4Y2005,MBJ,FRA,23:15,333,11
4Y2006,FRA,BGI,10:45,333,12
4Y2007,BGI,FRA,23:00,333,12
4Y2008,FRA,FDF,10:05,333,12
4Y2009,FDF,FRA,23:55,333,12
4Y2010,FRA,BGI,07:30,333,11
4Y2011,BGI,FRA,19:55,333,12
4Y2016,FRA,LRM,07:30,333,12
4Y2017,LRM,FRA,19:40,333,12
4Y202,FRA,RAK,10:00,320,140
4Y203,RAK,FRA,14:30,320,141
4Y204,FRA,RAK,19:50,320,62
4Y205,RAK,FRA,00:15,320,60
4Y2050,FRA,LPA,09:10,320,29
4Y2051,LPA,FRA,14:50,320,29
4Y2052,FRA,FCO,04:40,320,3
4Y2053,FCO,FRA,07:15,320,3
4Y2055,HAM,FRA,20:45,320,1
4Y2056,FRA,PMI,03:50,320,34
4Y2057,PMI,FRA,06:55,320,34
4Y206,FRA,HRG,10:00,320,186
4Y2060,FRA,BCN,04:00,320,30
4Y2061,BCN,FRA,07:00,320,30
4Y2062,FRA,AYT,06:30,320,1
4Y2063,AYT,FRA,11:00,320,1
4Y207,HRG,FRA,15:15,320,186
4Y208,FRA,RMF,09:45,320,4
4Y209,RMF,FRA,15:15,320,4
4Y210,FRA,DJE,02:45,320,75
4Y2100,FRA,LRM,10:30,333,29
4Y2101,LRM,FRA,22:50,333,27
4Y2102,FRA,BGI,11:40,333,15
4Y2103,BGI,FRA,01:30,333,16
4Y2104,FRA,MBJ,11:30,333,17
4Y2105,MBJ,FRA,00:35,333,17
4Y2106,FRA,LRM,08:30,332,30
4Y2107,LRM,FRA,20:40,332,28
4Y211,DJE,FRA,06:25,320,75
4Y214,FRA,MIR,03:25,320,62
4Y215,MIR,FRA,06:40,320,62
4Y2150,FRA,PMI,03:25,320,8
4Y2151,PMI,FRA,06:15,320,8
4Y2152,FRA,HER,02:50,320,26
4Y2153,HER,FRA,06:35,320,26
4Y2154,FRA,CHQ,09:00,320,6
4Y2155,CHQ,FRA,12:50,320,9
4Y2160,FRA,TRS,06:40,320,1
4Y2161,TRS,FRA,10:55,320,1
4Y2162,FRA,GOA,08:00,320,4
4Y2163,GOA,FRA,10:00,320,4
4Y2164,FRA,OPO,10:15,320,9
4Y2165,OPO,FRA,15:30,320,10
4Y2167,GOA,FRA,14:40,320,1
4Y2170,FRA,TFS,08:05,320,1
4Y2171,TFS,FRA,13:45,320,1
4Y2414,FRA,JKG,06:40,320,11
4Y2415,JKG,FRA,07:30,320,10
4Y2500,FRA,ZAD,07:50,320,1
4Y2501,ZAD,FRA,08:00,320,1
4Y300,FRA,FUE,11:00,320,135
4Y301,FUE,FRA,16:20,320,137
4Y302,FRA,LPA,09:05,320,304
4Y303,LPA,FRA,14:45,320,307
4Y306,FRA,TFS,10:10,320,309
4Y307,TFS,FRA,15:55,320,310
4Y308,FRA,ACE,09:05,320,167
4Y309,ACE,FRA,16:20,320,166
4Y310,FRA,SPC,09:15,320,39
4Y311,SPC,FRA,14:55,320,39
4Y317,ACE,FRA,14:20,320,1
4Y322,FRA,LPA,09:05,320,18
4Y323,LPA,FRA,15:00,320,18
4Y328,FRA,ACE,08:50,320,2
4Y329,ACE,FRA,14:30,320,2
4Y356,FRA,TFS,10:00,320,1
4Y357,TFS,FRA,16:15,320,1
4Y4070,FRA,GKE,09:00,320,4
4Y4073,DRS,FRA,12:30,320,2
4Y4075,GKE,FRA,16:20,320,1
4Y4077,GKE,FRA,15:40,320,1
4Y4080,FRA,MUC,08:00,333,48
4Y4081,MUC,FRA,06:30,333,43
4Y4082,FRA,MUC,05:35,333,7
4Y4083,MUC,FRA,05:25,333,6
4Y4084,FRA,BER,12:50,320,2
4Y4086,FRA,ZAG,05:40,320,6
4Y4087,MUC,FRA,09:51,320,4
4Y4088,FRA,GOA,12:35,320,1
4Y4089,JKG,FRA,09:20,320,1
4Y4090,FRA,AMM,05:20,332,7
4Y4091,AMM,FRA,07:10,320,8
4Y4092,FRA,AMM,13:00,333,1
4Y4093,AMM,FRA,08:50,333,1
4Y4095,SIN,FRA,00:30,333,7
4Y4096,FRA,SIN,07:40,333,3
4Y4097,AMM,FRA,12:00,332,1
4Y500,FRA,XRY,06:50,320,31
4Y501,XRY,FRA,10:35,320,30
4Y512,FRA,PMI,07:50,320,412
4Y513,PMI,FRA,10:45,320,415
4Y514,FRA,PMI,14:05,320,418
4Y515,PMI,FRA,16:55,320,422
4Y516,FRA,PMI,12:00,320,73
4Y517,PMI,FRA,14:55,320,74
4Y518,FRA,PMI,12:20,320,27
4Y519,PMI,FRA,15:25,320,27
4Y530,FRA,IBZ,07:35,320,266
4Y531,IBZ,FRA,10:45,320,267
4Y536,FRA,MAH,11:35,320,34
4Y537,MAH,FRA,14:35,320,35
4Y600,FRA,CDG,15:35,320,18
4Y601,CDG,FRA,17:40,320,18
4Y614,FRA,MPL,08:00,320,38
4Y615,MPL,FRA,10:05,320,38
4Y700,FRA,FNC,04:45,320,1
4Y701,FNC,FRA,09:35,320,1
4Y702,FRA,FNC,09:55,320,261
4Y703,FNC,FRA,14:35,320,257
4Y706,FRA,FNC,09:55,320,1
4Y707,FNC,FRA,15:00,320,1
4Y722,FRA,FNC,08:20,320,1
4Y802,FRA,BRI,02:45,320,142
4Y803,BRI,FRA,05:30,320,142
4Y806,FRA,BDS,06:35,320,9
4Y807,BDS,FRA,09:40,320,9
4Y900,FRA,DBV,14:20,320,249
4Y901,DBV,FRA,16:55,320,251
4Y910,FRA,ZAD,16:30,320,117
4Y911,ZAD,FRA,18:50,320,117
4Y912,FRA,SPU,14:15,320,217
4Y913,SPU,FRA,16:40,320,217
4Y920,FRA,ZAD,09:35,320,6
4Y921,ZAD,FRA,11:55,320,6
4Y922,FRA,PUY,03:55,320,8
4Y923,PUY,FRA,06:05,320,8
57051,EBMB,MUC,10:00,AN4,2
5F5737,RMO,AMS,10:30,321,44
5F5738,AMS,RMO,14:30,321,42
5F737,RMO,AMS,09:30,321,99
5F738,AMS,RMO,13:30,321,92
5O151,AMS,LIL,05:50,73M,1
5O152,LIL,AMS,17:15,73M,1
5O199,AMS,MAN,06:30,738,2
5Y001,MIA,AMS,05:15,744,1
5Y332,MIA,AMS,09:10,77L,1
5Y333,AMS,KGF,21:10,77L,1
5Y346,MIA,AMS,21:10,772,1
5Y3580,AMS,ICN,10:35,77L,1
5Y3593,GYD,AMS,03:15,77L,1
5Y5219,UIO,AMS,02:10,747,31
5Y5421,MIA,AMS,22:25,747,61
5Y7481,BHM,AMS,01:45,747,11
5Y8008,AMS,LUX,07:00,772,1
5Y8028,UIO,AMS,07:30,747,41
5Y8090,AMS,SOF,16:10,744,1
5Y8110,AMS,MXP,09:05,744,1
5Y8133,AMS,PVG,07:00,744,1
5Y8146,AMS,ICN,09:25,744,4
5Y8148,AMS,ICN,09:50,744,6
5Y8153,CKG,AMS,04:40,744,31
5Y8154,AMS,ORD,19:35,744,38
5Y8157,CKG,AMS,04:45,744,26
5Y8158,AMS,ORD,06:00,744,41
5Y8185,AMS,ICN,14:15,747,58
5Y8187,AMS,ICN,12:00,747,54
5Y8209,AMS,ICN,14:35,747,88
5Y8229,AMS,ALA,19:30,747,57
5Y8352,AMS,GYD,13:10,744,1
5Y8414,MIA,AMS,22:00,747,1
5Y8519,AMS,LGG,09:20,744,1
5Y8643,AMS,TPE,06:05,747,11
5Y8765,AMS,PEN,11:10,744,1
5Y8803,AMS,IUD,19:35,744,1
5Y8995,AMS,KWI,19:15,744,1
5Y9003,EMA,AMS,15:58,772,1
5Y9121,AMS,ICN,16:10,744,1
5Y9145,AMS,HAN,09:45,744,1
5Y9153,ZAZ,AMS,14:40,747,1
5Y9154,AMS,ICN,10:25,744,4
5Y9158,AMS,ICN,15:40,744,3
5Y917,AUH,AMS,00:30,772,1
5Y918,AMS,AUH,11:18,772,1
5Y9197,AMS,ICN,09:30,744,1
5Y9299,MIA,AMS,21:45,744,1
5Y9353,AMS,XMN,15:10,772,1
5Y9436,ORD,AMS,22:50,747,1
5Y9476,AMS,HKG,10:00,747,1
5Y9549,AMS,HKG,10:00,744,1
5Y9572,AMS,HKG,16:45,744,1
5Y9579,AMS,ICN,10:30,744,1
5Y9588,AMS,EMA,10:57,744,2
5Y9590,AMS,EMA,11:25,744,2
5Y9592,AMS,ICN,09:34,744,4
5Y9594,MIA,AMS,21:55,744,1
5Y9596,MIA,AMS,22:08,744,2
5Y9602,AMS,IUD,19:10,744,1
5Y9789,AMS,HKG,15:50,744,2
5Y9793,AMS,HKG,11:18,744,1
5Y9857,AUH,AMS,11:30,772,1
5Y9858,AMS,AUH,19:40,772,1
6E0021,BOM,AMS,00:40,787,168
6E0022,AMS,BOM,12:30,787,163
6E021,BOM,AMS,00:00,787,27
6E022,AMS,BOM,12:00,787,27
6E9390,AMS,OSL,12:00,787,1
6E9801,AMS,MAN,08:20,787,3
7L1574,ABV,AMS,07:00,744,1
7L201,GYD,AMS,07:30,744,58
7L202,AMS,GYD,16:00,744,49
7L203,GYD,AMS,07:30,744,58
7L204,AMS,GYD,16:00,744,50
7L205,GYD,AMS,07:30,747,60
7L206,AMS,GYD,16:00,744,51
7L207,GYD,AMS,07:30,772,60
7L208,AMS,GYD,16:00,772,55
7L4211,GYD,AMS,02:00,744,2
7L4212,AMS,GYD,10:30,744,2
8H6001,SOF,AMS,12:52,319,1
8H6002,AMS,SOF,21:50,319,1
90004,AMS,ADW,15:30,752,1
9HDEE1,FMO,AMS,15:00,E90,1
9HJOY1,LBG,AMS,13:10,CR2,1
A2628,CLJ,FRA,08:20,220,5
A2629,FRA,CLJ,11:15,220,5
A34022,ATH,AMS,02:00,320,1
A34025,AMS,ATH,14:40,320,1
A34080,ATH,AMS,08:30,320,1
A34081,AMS,ATH,13:15,320,1
A3518,SKG,AMS,12:50,320,38
A3519,AMS,SKG,17:00,320,38
A36120,ATH,AMS,16:00,320,1
A36123,AMS,ATH,06:30,320,1
A36124,ATH,AMS,10:24,320,1
A36180,SKG,AMS,08:50,320,1
A36181,AMS,ATH,13:00,320,1
A3624,ATH,AMS,05:30,321,419
A3625,AMS,ATH,10:05,321,416
A3626,ATH,AMS,11:35,321,50
A3627,AMS,ATH,16:10,321,49
A90651,TBS,AMS,02:40,737,181
A90652,AMS,TBS,09:20,737,176
AA070,DFW,FRA,21:15,788,352
AA071,FRA,DFW,08:55,788,364
AA203,AMS,PHL,12:05,788,386
AA204,PHL,AMS,23:10,788,387
AA220,DFW,AMS,20:35,788,163
AA221,AMS,DFW,08:55,788,166
AA704,CLT,FRA,20:45,772,382
AA705,FRA,CLT,07:20,772,393
AA9601,FRA,CLT,07:30,788,6
AA9602,FRA,AMS,00:45,788,3
AA9603,AMS,FRA,10:47,788,3
AA9605,FRA,CLT,09:50,772,1
AA9615,AMS,DFW,06:30,772,1
AA9781,FRA,MIA,20:00,772,1
AC043,DEL,YYZ,08:35,77W,4
AC047,FRA,YYZ,18:20,787,50
AC050,YUL,FRA,02:25,787,2
AC051,FRA,YUL,05:00,787,2
AC057,FRA,YYZ,21:30,787,4
AC2051,FRA,YUL,07:30,787,2
AC2059,FRA,YYZ,12:05,787,1
AC2108,FRA,AMS,10:30,333,1
AC2109,AMS,YYZ,13:30,333,2
AC2137,FRA,YYZ,10:05,333,1
AC2145,FRA,YUL,11:00,333,1
AC2153,FRA,YYZ,12:15,333,1
AC2344,FRA,RZE,14:15,787,8
AC2345,RZE,FRA,10:15,787,8
AC7053,CPH,FRA,15:00,333,1
AC7059,FRA,YYZ,12:00,333,1
AC7065,FRA,YUL,12:00,333,2
AC7069,AMS,YYZ,08:20,788,1
AC7074,DUB,FRA,11:00,787,1
AC7076,FRA,BRU,08:40,333,2
AC7077,BRU,FRA,06:05,333,2
AC7079,OTP,FRA,12:25,763,1
AC7132,PUJ,AMS,06:00,763,2
AC7209,FRA,YYZ,11:10,763,1
AC7210,YYZ,FRA,20:00,763,4
AC7211,FRA,YYZ,06:50,763,3
AC7213,FRA,YYZ,12:15,763,1
AC7311,AMS,YYZ,14:25,763,1
AC808,YYZ,AMS,01:30,788,408
AC809,AMS,YYZ,10:15,788,399
AC837,MUC,FRA,09:50,333,1
AC838,YVR,FRA,20:15,787,196
AC839,FRA,YVR,08:15,787,201
AC840,YYZ,FRA,20:30,333,404
AC841,FRA,YYZ,08:00,333,407
AC842,YYZ,FRA,01:10,333,400
AC843,FRA,YYZ,15:05,333,400
AC844,YUL,FRA,22:35,333,407
AC845,FRA,YUL,07:55,333,414
AC846,YUL,FRA,01:45,787,73
AC847,FRA,YUL,15:35,787,73
AC886,YYZ,FRA,11:30,788,2
AC897,AMS,YYZ,11:00,77W,2
AC900,YUL,AMS,01:30,788,231
AC901,AMS,YUL,10:35,788,228
AF001,ADW,AMS,09:50,747,1
AF1,ADW,SNN,04:30,752,2
AF1018,CDG,FRA,18:45,E90,419
AF1019,FRA,CDG,05:05,E90,410
AF1118,CDG,FRA,16:55,E90,110
AF1119,FRA,CDG,19:05,E90,108
AF1140,CDG,AMS,14:25,220,356
AF1141,AMS,CDG,16:40,220,354
AF1218,CDG,FRA,11:00,E75,30
AF1219,FRA,CDG,13:10,E75,30
AF1240,CDG,AMS,05:10,320,390
AF1241,AMS,CDG,07:30,320,386
AF1310,CDG,FRA,18:10,E90,1
AF1318,CDG,FRA,14:25,E90,318
AF1319,FRA,CDG,16:30,E90,317
AF1340,CDG,AMS,06:15,220,416
AF1341,AMS,CDG,08:35,220,412
AF1436,CDG,AMS,11:30,220,243
AF1437,AMS,CDG,13:50,220,242
AF1440,CDG,AMS,15:50,220,417
AF1441,AMS,CDG,18:20,220,412
AF1444,CDG,AMS,07:15,220,242
AF1445,AMS,CDG,09:35,220,238
AF1500,CDG,AMS,09:15,220,174
AF1501,AMS,CDG,11:35,220,173
AF1518,CDG,FRA,05:40,E90,277
AF1519,FRA,CDG,07:45,E90,270
AF1618,CDG,FRA,08:50,E90,307
AF1619,FRA,CDG,10:10,E90,300
AF1640,CDG,AMS,09:45,220,392
AF1641,AMS,CDG,12:05,220,389
AF1650,CDG,AMS,12:25,220,173
AF1651,AMS,CDG,14:45,220,172
AF1700,TLS,AMS,05:15,E90,97
AF1701,AMS,TLS,19:35,E90,93
AF1740,CDG,AMS,10:15,220,374
AF1741,AMS,CDG,12:35,220,371
AF1764,AMS,BLL,21:00,E90,1
AF1794,LYS,AMS,05:00,E90,296
AF1795,AMS,LYS,07:35,E90,385
AF1796,LYS,AMS,10:00,E90,383
AF1797,AMS,LYS,12:35,E90,374
AF1798,LYS,AMS,16:15,E90,387
AF1799,AMS,LYS,18:45,E90,291
AF1818,CDG,FRA,15:50,E90,156
AF1819,FRA,CDG,17:55,E90,155
AF1840,CDG,AMS,12:30,220,370
AF1841,AMS,CDG,14:50,220,367
AF9350,AMS,CDG,09:40,E90,1
AF9351,FRA,CDG,06:50,E90,1
AF9354,AMS,CDG,12:35,E90,1
AF9370,FRA,CDG,12:00,E90,10
AF9371,FRA,CFE,10:15,E90,1
AF9372,FRA,CDG,06:45,E90,1
AH1506,ALG,CDG,16:30,320,1
AH2070,ALG,FRA,09:15,738,205
AH2071,FRA,ALG,13:30,738,167
AH2073,FRA,ALG,13:30,738,1
AH2808,ALG,FRA,07:20,738,1
AH2809,FRA,ALG,10:30,738,1
AI1161,FRA,LHR,13:05,350,1
AI120,FRA,DEL,07:00,787,9
AI155,DEL,AMS,06:50,788,412
AI156,AMS,DEL,18:40,788,381
AI161,DEL,FRA,21:05,350,1
AI187,FRA,YYZ,14:00,77W,2
AI188,YYZ,FRA,08:30,77W,4
AI193,DEL,FRA,03:10,350,1
AI2025,DEL,FRA,23:45,787,302
AI2026,FRA,DEL,10:10,787,281
AI2027,BOM,FRA,06:30,787,305
AI2028,FRA,BOM,18:20,787,299
AI2029,DEL,FRA,08:10,787,423
AI2030,FRA,DEL,19:15,787,388
AI3040,AMS,ISL,10:00,788,1
AM0025,MEX,AMS,05:45,788,425
AM0026,AMS,MEX,20:15,788,422
AM9484,AMS,MEX,17:05,787,1
AM9485,LHR,AMS,11:20,787,1
AP1077,FRA,MAD,06:00,738,1
AP1078,MAD,FRA,01:00,738,1
AP1221,FRA,ALC,05:35,738,1
AP1222,ALC,FRA,11:20,738,1
AP1755,PMI,FRA,13:30,738,3
AP1756,FRA,PMI,17:00,738,3
AT1630,TNG,AMS,06:10,320,21
AT1631,AMS,TNG,10:10,320,14
AT1656,NDR,AMS,06:05,320,20
AT1657,AMS,NDR,10:10,320,17
AT1694,NDR,FRA,13:40,320,15
AT1695,FRA,NDR,17:40,320,15
AT352,FRA,BRU,08:00,763,6
AT620,AHU,AMS,08:00,738,4
AT621,AMS,AHU,10:45,738,8
AT670,TNG,AMS,06:10,738,7
AT671,AMS,TNG,10:10,738,12
AT694,NDR,FRA,14:10,738,9
AT695,FRA,NDR,18:10,738,15
AT698,NDR,AMS,06:05,738,6
AT699,AMS,NDR,10:10,738,12
AT7810,CMN,FRA,06:28,788,1
AT7811,FRA,CMN,10:55,738,2
AT7851,AMS,CMN,19:00,73M,1
AT810,CMN,FRA,11:25,738,417
AT811,FRA,CMN,15:55,738,401
AT850,CMN,AMS,11:30,738,422
AT851,AMS,CMN,16:00,738,410
AT852,CMN,AMS,08:00,738,4
AT8620,CMN,AMS,06:05,738,4
AT8621,AMS,CMN,12:30,738,4
AT8630,TNG,AMS,06:45,320,1
AT8631,AMS,TNG,10:10,320,8
AT8656,NDR,AMS,05:51,320,2
AT8657,AMS,NDR,10:10,320,5
AT8670,TNG,AMS,06:10,738,5
AT8694,NDR,FRA,13:40,320,13
AT8695,FRA,NDR,17:40,320,8
AT8698,NDR,AMS,06:05,738,6
AT8894,CMN,FRA,01:30,738,1
AY1301,HEL,AMS,05:10,350,416
AY1302,AMS,HEL,09:55,350,412
AY1305,HEL,AMS,13:00,321,417
AY1306,AMS,HEL,16:45,321,414
AY1411,HEL,FRA,04:40,320,396
AY1412,FRA,HEL,09:30,320,396
AY1415,HEL,FRA,13:55,320,406
AY1416,FRA,HEL,17:20,320,405
AY8931,AMS,HEL,07:30,320,1
AZ107,AMS,FCO,09:55,321,397
AZ108,FCO,AMS,06:30,321,404
AZ109,AMS,FCO,15:55,320,402
AZ110,FCO,AMS,12:35,320,417
AZ112,LIN,AMS,15:20,220,381
AZ113,AMS,LIN,18:05,220,378
AZ114,LIN,AMS,10:00,220,171
AZ115,AMS,LIN,12:55,220,164
AZ118,LIN,AMS,19:45,319,81
AZ119,AMS,LIN,06:05,319,80
AZ120,LIN,AMS,07:05,220,396
AZ121,AMS,LIN,10:50,220,389
AZ400,FCO,FRA,06:45,320,261
AZ403,FRA,FCO,09:40,320,259
AZ404,FCO,FRA,13:25,320,353
AZ407,FRA,FCO,16:15,320,347
AZ408,LIN,FRA,11:55,220,57
AZ409,FRA,LIN,14:05,220,57
AZ410,LIN,FRA,16:35,220,73
AZ413,FRA,LIN,08:10,220,73
AZ416,LIN,FRA,06:00,220,73
AZ419,FRA,LIN,18:45,220,73
AZ8001,LIN,AMS,15:35,220,1
AZ8007,AMS,LIN,11:30,220,2
AZ8008,AMS,BRU,10:40,320,1
AZ8016,AMS,FCO,16:00,319,1
AZ8018,AMS,FCO,11:00,320,1
AZ8407,FRA,FCO,08:00,320,1
AZ8950,FCO,AMS,15:00,320,1
AZ8951,AMS,FCO,22:15,320,1
AZ9002,BLQ,AMS,14:50,320,1
AZ9003,AMS,BLQ,18:30,220,1
AZ9019,AMS,MXP,22:46,320,1
AZ9470,VIE,FRA,10:00,767,2
AZ9481,FRA,CGN,13:30,767,2
AZ9614,FCO,OLB,16:30,AT7,1
AZ9920,FCO,AMS,18:50,320,1
AZ9921,AMS,FCO,18:25,320,1
AZ9924,FCO,AMS,15:25,220,1
AZ9925,AMS,LIN,17:55,320,1
AZ9930,FCO,AMS,19:20,320,1
B60031,BOS,AMS,02:35,321,317
B60032,AMS,BOS,09:20,321,315
B62288,JFK,AMS,23:35,321,291
B62289,AMS,JFK,11:40,321,292
B68088,JFK,AMS,23:00,321,1
B68089,AMS,JFK,08:00,321,2
B68509,AMS,CDG,13:45,321,1
B99701,IST,IKA,18:00,AB3,1
BA118,BLR,AMS,01:45,772,1
BA330,AMS,LHR,19:00,321,1
BA423,AMS,LHR,06:00,320,288
BA428,LHR,AMS,05:50,320,257
BA429,AMS,LHR,08:15,320,256
BA430,LHR,AMS,07:20,320,394
BA431,AMS,LHR,09:40,319,387
BA432,LHR,AMS,08:15,319,286
BA433,AMS,LHR,15:45,319,282
BA434,LHR,AMS,10:50,320,321
BA435,AMS,LHR,13:00,320,316
BA436,LHR,AMS,10:55,320,209
BA437,AMS,LHR,13:15,320,207
BA438,LHR,AMS,12:45,319,380
BA439,AMS,LHR,14:10,319,378
BA440,LHR,AMS,15:10,320,369
BA441,AMS,LHR,16:25,320,366
BA442,LHR,AMS,17:15,320,353
BA443,AMS,LHR,19:35,320,309
BA444,LHR,AMS,18:30,320,368
BA445,AMS,LHR,18:40,320,117
BA446,LHR,AMS,14:05,320,173
BA447,AMS,LHR,16:25,320,159
BA448,LHR,AMS,19:25,320,162
BA449,AMS,LHR,06:00,320,176
BA450,LHR,AMS,15:10,320,70
BA451,AMS,LHR,17:35,320,70
BA7035,FRA,LCY,15:25,E90,1
BA7036,LCY,FRA,10:15,E90,1
BA7319,STN,AMS,09:55,E90,15
BA8450,AMS,LCY,05:45,E90,281
BA8451,LCY,AMS,08:40,E90,220
BA8452,AMS,LCY,09:25,E90,224
BA8453,LCY,AMS,13:30,E90,232
BA8454,AMS,LCY,15:20,E90,240
BA8455,LCY,AMS,14:30,E90,339
BA8456,AMS,LCY,16:15,E90,337
BA8457,LCY,AMS,18:55,E90,326
BA8458,AMS,LCY,17:50,E90,247
BA8459,LCY,AMS,17:05,E90,251
BA8460,AMS,LCY,12:45,E90,194
BA8489,LCY,AMS,09:50,E90,199
BA8496,AMS,LCY,09:10,E90,228
BA8497,LCY,AMS,07:15,E90,183
BA854,FRA,PRG,18:15,319,1
BA859,AMS,LHR,15:50,320,1
BA8731,FRA,LCY,12:30,E90,1
BA8732,LCY,FRA,07:10,E90,126
BA8733,FRA,LCY,09:20,E90,126
BA8734,LCY,FRA,14:45,E90,310
BA8735,FRA,LCY,16:50,E90,308
BA8737,FRA,LCY,19:10,E90,161
BA8738,LCY,FRA,17:00,E90,162
BA8761,LCY,FRA,07:05,E90,139
BA8762,FRA,LCY,09:15,E90,139
BA900,LHR,FRA,07:45,320,95
BA901,FRA,LHR,04:40,320,373
BA902,LHR,FRA,05:55,320,303
BA903,FRA,LHR,08:40,320,302
BA904,LHR,FRA,11:25,319,220
BA905,FRA,LHR,14:05,319,220
BA906,LHR,FRA,15:25,320,88
BA907,FRA,LHR,18:10,320,87
BA908,LHR,FRA,14:05,320,93
BA909,FRA,LHR,16:55,320,93
BA910,LHR,FRA,19:15,320,348
BA911,FRA,LHR,06:20,320,347
BA912,LHR,FRA,16:55,320,24
BA913,FRA,LHR,20:00,319,12
BA914,LHR,FRA,16:05,319,70
BA915,FRA,LHR,18:30,319,70
BA916,LHR,FRA,19:00,320,274
BA9272,PRG,FRA,15:05,320,1
BQ2101,BZO,FRA,08:30,DH8,1
BQ2104,FRA,LNZ,11:45,E95,1
BQ2131,AMS,OMO,12:34,E95,1
BQ2132,PRG,AMS,15:30,DH8,1
BQ2301,FRA,NCE,11:00,DH8,1
BQ2302,MXP,FRA,08:00,DH8,2
BQ2331,OMO,AMS,08:00,E95,1
BQ2332,AMS,OMO,07:00,DH8,1
BR075,TPE,AMS,05:10,77W,183
BR076,AMS,BKK,19:40,77W,175
BT1061,PLQ,AMS,13:25,220,79
BT1062,AMS,PLQ,18:25,220,102
BT243,RIX,FRA,04:45,220,317
BT244,FRA,RIX,07:50,220,316
BT245,RIX,FRA,15:00,220,90
BT246,FRA,RIX,18:15,220,90
BT617,RIX,AMS,04:45,220,424
BT618,AMS,RIX,08:00,220,419
BT619,RIX,AMS,14:00,220,426
BT620,AMS,RIX,17:10,220,423
BT621,RIX,AMS,08:50,220,309
BT622,AMS,RIX,12:05,220,306
BT7701,HEL,FRA,14:00,220,3
BT7702,VNO,AMS,07:35,220,1
BT7714,RIX,FRA,07:30,220,1
BT857,TLL,AMS,05:35,220,420
BT858,AMS,TLL,07:55,220,417
BT859,TLL,AMS,11:05,220,369
BT860,AMS,TLL,14:35,220,365
BT959,VNO,AMS,11:10,220,357
BT960,AMS,VNO,14:35,220,350
BT961,VNO,AMS,04:50,220,423
BT962,AMS,VNO,08:10,220,419
BT9802,AMS,RIX,09:20,220,4
BT9804,AMS,TLL,08:30,220,2
BT9805,AMS,RIX,10:10,220,1
BT9806,AMS,RIX,19:30,220,1
BT9811,RIX,AMS,08:55,220,1
BT9812,AMS,RIX,11:35,220,2
BT9813,FRA,RIX,19:05,220,1
BT9816,FRA,RIX,10:45,220,1
BZ0611,AMS,TLV,16:35,738,6
BZ0612,TLV,AMS,10:10,738,10
C3467,BUD,FRA,13:15,320,1
C3468,FRA,BUD,11:25,320,1
C3481,ATH,AMS,06:10,320,1
C3530,FRA,TGD,15:15,320,1
C3531,TGD,FRA,18:15,320,1
C39482,AMS,LJU,10:40,320,1
C39530,BGY,FRA,12:45,320,1
C39531,FRA,BGY,10:45,320,1
C39534,FRA,NCE,05:15,320,1
C39535,NCE,FRA,06:10,320,1
C6151,TAS,FRA,08:20,320,9
C6152,FRA,TAS,06:20,320,8
C67617,UTTT,AMS,02:45,763,4
C67618,AMS,ALA,12:00,763,4
CA088,FRA,PEK,05:10,77W,1
CA1001,PVG,AMS,19:00,772,15
CA1002,AMS,PVG,09:30,772,16
CA1003,CTU,AMS,01:55,772,1
CA1013,PVG,FRA,05:20,77L,51
CA1014,FRA,PEK,19:15,77L,48
CA1021,PVG,FRA,21:00,77L,63
CA1022,FRA,PVG,14:55,77L,64
CA1027,FRA,LGG,09:50,77L,2
CA1031,PVG,FRA,02:20,77L,38
CA1032,FRA,PVG,16:15,77L,35
CA1033,PVG,AMS,03:05,772,110
CA1034,AMS,PVG,11:45,772,112
CA1035,CDG,FRA,10:00,77L,15
CA1036,FRA,PVG,13:50,77L,15
CA1039,PVG,AMS,01:10,772,152
CA1040,AMS,PVG,15:15,772,152
CA1041,PVG,FRA,05:20,77L,57
CA1042,FRA,PEK,19:15,77L,56
CA1043,PVG,AMS,04:10,772,55
CA1044,AMS,PEK,18:15,772,54
CA1047,PVG,FRA,21:30,77L,90
CA1048,FRA,PVG,11:45,77L,90
CA3037,CTU,FRA,21:55,332,2
CA3038,FRA,CTU,11:55,332,3
CA3102,AMS,HGH,09:45,772,4
CA3119,CTU,AMS,00:50,332,26
CA3120,AMS,CTU,15:00,332,26
CA3143,CTU,FRA,20:00,332,52
CA3144,FRA,CTU,10:25,332,52
CA3159,CTU,AMS,20:00,332,221
CA3160,AMS,CTU,11:20,332,221
CA431,TFU,FRA,17:45,333,173
CA432,FRA,TFU,12:15,333,172
CA771,SZX,FRA,16:05,77W,153
CA772,FRA,SZX,10:45,77W,155
CA8401,PVG,FRA,01:50,77L,2
CA8402,FRA,TSN,16:15,77L,4
CA8439,PVG,FRA,23:50,77L,1
CA931,PEK,FRA,05:30,77W,417
CA932,FRA,PEK,18:00,77W,412
CA935,PVG,FRA,03:05,350,402
CA936,FRA,PVG,17:20,350,399
CA957,PEK,FRA,01:55,77W,171
CA958,FRA,PEK,14:20,77W,169
CA961,FRA,MUC,08:10,77W,1
CA965,PEK,FRA,18:30,77W,398
CA966,FRA,PEK,12:15,77W,403
CC4167,FRA,CHR,07:00,744,1
CC4220,DWC,FRA,10:30,744,1
CD021,BUD,AMS,10:00,73M,1
CD030,AMS,GOT,08:30,73M,1
CD033,GRO,AMS,19:08,73M,1
CD090,GOT,AMS,15:15,73M,1
CD099,AMS,HRG,17:05,73M,10
CD100,HRG,AMS,02:15,73M,10
CD1000,AMS,MST,09:56,73M,2
CD1001,MST,AMS,15:06,73M,2
CD105,AMS,MJT,08:50,73M,8
CD106,MJT,AMS,13:00,73M,8
CD109,AMS,MJT,05:30,73M,7
CD110,MJT,AMS,16:10,73M,7
CD1185,AMS,AHU,13:30,73M,1
CD1186,AHU,AMS,18:05,73M,1
CD121,AMS,LPA,08:50,73M,6
CD122,LPA,AMS,14:35,73M,6
CD123,AMS,BJL,06:30,73M,20
CD1236,NDR,AMS,21:20,73M,1
CD124,BJL,AMS,14:10,73M,20
CD1286,NDR,AMS,22:25,73M,1
CD129,AMS,LPA,05:30,73M,1
CD130,LPA,AMS,11:15,73M,1
CD131,AMS,GZP,05:20,73M,9
CD132,GZP,AMS,09:35,73M,9
CD139,AMS,GZP,15:00,73M,1
CD140,GZP,AMS,19:50,73M,1
CD141,AMS,AYT,14:45,350,16
CD142,AYT,AMS,20:05,350,15
CD143,AMS,AYT,05:25,73M,5
CD144,AYT,AMS,10:15,73M,5
CD1481,AMS,AHU,17:30,73M,7
CD1482,AHU,AMS,21:40,73M,7
CD149,AMS,AYT,11:35,73M,7
CD150,AYT,AMS,16:25,73M,7
CD155,AMS,HER,17:30,73M,7
CD156,HER,AMS,22:00,73M,7
CD157,AMS,HER,16:10,73M,10
CD158,HER,AMS,20:40,73M,9
CD1633,AMS,NDR,17:30,73M,7
CD1634,NDR,AMS,21:35,73M,8
CD167,AMS,SMI,05:00,73M,35
CD168,SMI,AMS,09:20,73M,34
CD181,AMS,BJL,05:30,73M,3
CD182,BJL,AMS,13:10,73M,3
CD191,AMS,HRG,15:05,73M,1
CD192,HRG,AMS,21:00,73M,1
CD195,AMS,HRG,08:15,73M,9
CD196,HRG,AMS,14:10,73M,9
CD197,AMS,HRG,05:00,73M,4
CD198,HRG,AMS,10:45,73M,5
CD199,AMS,HRG,16:50,73M,16
CD200,HRG,AMS,00:05,73M,16
CD201,AMS,RHO,05:00,73M,26
CD202,RHO,AMS,09:35,73M,26
CD209,AMS,LPA,09:35,73M,12
CD210,LPA,AMS,15:25,73M,12
CD213,AMS,AYT,08:00,73M,5
CD214,AYT,AMS,12:50,73M,5
CD215,AMS,AYT,15:45,73M,4
CD216,AYT,AMS,19:25,73M,5
CD217,AMS,AYT,05:00,73M,11
CD218,AYT,AMS,09:35,73M,8
CD235,AMS,HRG,07:55,73M,12
CD236,HRG,AMS,14:00,73M,12
CD237,AMS,KGS,15:25,73M,14
CD238,KGS,AMS,19:55,73M,13
CD245,AMS,GZP,07:00,73M,9
CD246,GZP,AMS,11:50,73M,9
CD247,AMS,GZP,16:20,73M,1
CD248,GZP,AMS,21:10,73M,1
CD249,AMS,GZP,05:20,73M,25
CD250,GZP,AMS,10:20,73M,25
CD253,AMS,PMI,14:45,73M,17
CD254,PMI,AMS,18:10,73M,18
CD255,AMS,PMI,18:00,73M,2
CD256,PMI,AMS,21:25,73M,1
CD263,AMS,TFS,08:20,73M,1
CD264,TFS,AMS,14:10,73M,1
CD273,AMS,LPA,07:15,73M,2
CD274,LPA,AMS,14:25,73M,2
CD298,CUR,AMS,02:30,343,1
CD303,AMS,GZP,07:00,73M,7
CD304,GZP,AMS,11:50,73M,8
CD307,AMS,GZP,05:00,73M,1
CD308,GZP,AMS,09:35,73M,1
CD311,AMS,BJL,06:30,73M,10
CD312,BJL,AMS,14:10,73M,10
CD317,AMS,PVK,05:30,73M,24
CD318,PVK,AMS,11:00,73M,24
CD329,AMS,AGP,05:10,73M,18
CD330,AGP,AMS,09:30,73M,18
CD343,AMS,HER,15:25,73M,21
CD344,HER,AMS,19:55,73M,22
CD345,AMS,HER,12:35,73M,3
CD346,HER,AMS,16:45,73M,3
CD353,AMS,BOJ,15:25,73M,1
CD354,BOJ,AMS,19:20,73M,1
CD357,AMS,BOJ,13:35,73M,19
CD358,BOJ,AMS,17:30,73M,19
CD362,AYT,AMS,19:15,73M,2
CD363,AMS,AYT,06:55,73M,1
CD364,AYT,AMS,11:45,73M,1
CD365,AMS,AYT,05:20,73M,12
CD366,AYT,AMS,10:10,73M,10
CD367,AMS,AYT,11:45,73M,1
CD368,AYT,AMS,16:35,73M,1
CD369,AMS,AYT,17:50,73M,8
CD370,AYT,AMS,22:40,73M,8
CD391,AMS,HRG,05:20,73M,11
CD392,HRG,AMS,11:15,73M,11
CD393,AMS,HRG,14:40,73M,2
CD394,HRG,AMS,21:05,73M,1
CD397,CUR,AMS,06:40,343,1
CD399,AMS,HRG,17:30,73M,12
CD400,HRG,AMS,00:25,73M,11
CD405,AMS,SMI,05:00,73M,22
CD406,SMI,AMS,09:20,73M,24
CD413,AMS,KGS,14:25,73M,3
CD414,RHO,AMS,20:00,73M,3
CD415,AMS,KGS,05:00,73M,5
CD416,KGS,AMS,09:30,73M,4
CD417,AMS,AYT,10:20,73M,17
CD418,AYT,AMS,15:05,73M,17
CD419,AMS,KGS,06:00,73M,2
CD420,RHO,AMS,12:00,73M,4
CD421,AMS,AYT,14:45,350,13
CD422,AYT,AMS,20:05,350,14
CD423,AMS,AYT,09:15,73M,2
CD424,AYT,AMS,14:20,73M,2
CD427,AMS,AYT,05:00,73M,5
CD428,AYT,AMS,09:49,73M,3
CD429,AMS,HRG,06:20,73M,6
CD430,HRG,AMS,12:15,73M,6
CD431,AMS,AYT,11:35,73M,2
CD432,AYT,AMS,16:25,73M,2
CD433,AMS,AYT,05:15,73M,1
CD435,AMS,LPA,05:25,73M,8
CD436,LPA,AMS,11:10,73M,8
CD441,AMS,CUR,18:35,343,1
CD442,CUR,AMS,06:50,343,1
CD453,AMS,RHO,14:20,73M,4
CD454,RHO,AMS,18:55,73M,4
CD457,AMS,RHO,15:30,73M,2
CD458,RHO,AMS,21:40,73M,1
CD459,AMS,RHO,08:00,73M,9
CD460,RHO,AMS,12:35,73M,9
CD463,AMS,HRG,10:15,73M,7
CD464,HRG,AMS,16:35,73M,7
CD465,AMS,PMI,14:25,73M,14
CD466,PMI,AMS,17:45,73M,14
CD471,AMS,MJT,05:30,73M,14
CD472,MJT,AMS,09:40,73M,14
CD473,AMS,HRG,16:10,73M,1
CD474,HRG,AMS,23:55,73M,1
CD479,AMS,MJT,02:55,73M,1
CD480,MJT,AMS,07:05,73M,1
CD491,AMS,HRG,07:45,73M,3
CD492,HRG,AMS,13:40,73M,3
CD493,AMS,HRG,05:05,73M,1
CD494,HRG,AMS,11:00,73M,2
CD495,AMS,HRG,14:25,73M,3
CD496,HRG,AMS,20:20,73M,3
CD497,AMS,CUR,07:40,333,1
CD498,CUR,AMS,14:30,333,1
CD499,AMS,HRG,16:35,73M,15
CD500,HRG,AMS,00:20,73M,16
CD507,AMS,GZP,05:00,73M,10
CD508,GZP,AMS,09:35,73M,10
CD509,AMS,GZP,14:30,73M,8
CD5099,AMS,AYT,15:50,73M,1
CD510,GZP,AMS,19:20,73M,7
CD5100,AYT,AMS,10:30,73M,1
CD5109,AMS,DLM,15:25,73M,5
CD511,AMS,HER,05:00,73M,17
CD5110,DLM,AMS,19:53,73M,4
CD5112,AYT,AMS,04:01,73M,1
CD5113,AMS,AYT,06:15,73M,4
CD5114,AYT,AMS,11:05,73M,4
CD5115,AMS,AYT,06:25,73M,3
CD5116,AYT,AMS,11:14,73M,2
CD5119,AMS,ASR,20:15,73M,4
CD512,HER,AMS,09:30,73M,17
CD5120,ASR,AMS,01:35,73M,5
CD5121,AMS,AYT,05:15,73M,4
CD5122,AYT,AMS,10:05,73M,4
CD5124,GZP,AMS,16:50,73M,1
CD5125,AMS,AYT,07:15,73M,5
CD5126,AYT,AMS,12:05,73M,4
CD5127,AMS,DLM,15:20,73M,3
CD5128,DLM,AMS,20:00,73M,4
CD5129,AMS,KYA,20:20,73M,4
CD513,AMS,HER,07:00,73M,10
CD5130,KYA,AMS,01:35,73M,5
CD5131,AMS,ADB,14:30,73M,1
CD5132,AYT,AMS,07:16,73M,2
CD5135,AMS,AYT,08:15,73M,15
CD5136,AYT,AMS,10:10,73M,14
CD5137,AMS,ADB,12:50,73M,4
CD5138,ADB,AMS,17:00,73M,5
CD514,HER,AMS,11:30,73M,10
CD5140,GZP,AMS,04:45,73M,1
CD5141,AMS,AYT,09:45,73M,1
CD5143,AMS,GZP,07:50,73M,1
CD5144,GZP,AMS,08:50,73M,1
CD5145,AMS,AYT,05:15,73M,5
CD5146,AYT,AMS,10:05,73M,5
CD5148,AYT,AMS,03:00,73M,1
CD5149,AMS,ASR,20:05,73M,5
CD5150,ASR,AMS,01:25,73M,5
CD5151,AMS,AYT,05:15,73M,5
CD5152,AYT,AMS,10:05,73M,5
CD5154,AYT,AMS,07:20,73M,1
CD5155,AMS,AYT,10:15,73M,3
CD5156,AYT,AMS,15:05,73M,2
CD5157,AMS,AYT,16:00,73M,3
CD5158,AYT,AMS,20:44,73M,3
CD5159,AMS,KYA,20:20,73M,4
CD5160,KYA,AMS,01:35,73M,4
CD5161,AMS,DLM,05:00,73M,5
CD5162,DLM,AMS,09:40,73M,5
CD5163,AMS,BJV,17:15,73M,4
CD5164,BJV,AMS,21:30,73M,4
CD5166,AYT,AMS,17:20,73M,1
CD5168,AYT,AMS,04:07,73M,1
CD5169,AMS,AYT,06:50,73M,4
CD5170,AYT,AMS,11:40,73M,4
CD5173,AMS,AYT,16:55,73M,5
CD5174,AYT,AMS,21:45,73M,6
CD5175,AMS,ADB,12:50,73M,4
CD5176,ADB,AMS,17:00,73M,4
CD5177,AMS,AYT,08:15,73M,14
CD5178,AYT,AMS,13:05,73M,12
CD5181,AMS,BJV,15:55,73M,4
CD5182,BJV,AMS,20:30,73M,4
CD5185,AMS,BJV,05:00,73M,1
CD5186,BJV,AMS,09:35,73M,1
CD5193,AMS,AYT,16:20,73M,3
CD5194,AYT,AMS,21:10,73M,3
CD5197,AMS,DLM,05:00,73M,1
CD5198,DLM,AMS,09:30,73M,1
CD5211,AMS,SMI,05:15,73M,4
CD5212,SMI,AMS,09:24,73M,4
CD5213,AMS,MJT,05:00,73M,4
CD5214,MJT,AMS,09:10,73M,4
CD5215,AMS,HER,14:30,73M,4
CD5216,HER,AMS,19:00,73M,4
CD5221,AMS,KGS,15:25,73M,4
CD5222,KGS,AMS,19:55,73M,4
CD5227,AMS,RHO,05:00,73M,4
CD5228,RHO,AMS,09:21,73M,4
CD5233,AMS,HER,15:25,73M,4
CD5234,HER,AMS,19:55,73M,5
CD5237,AMS,ZTH,07:00,73M,4
CD5238,ZTH,AMS,10:55,73M,5
CD5244,KGS,AMS,15:50,73M,1
CD5245,AMS,RHO,15:25,73M,1
CD5246,RHO,AMS,20:00,73M,1
CD525,AMS,GOA,06:30,73M,30
CD5253,AMS,ZTH,14:40,73M,5
CD5254,ZTH,AMS,19:00,73M,4
CD5257,AMS,HER,05:00,73M,5
CD5258,HER,AMS,09:30,73M,5
CD526,GOA,AMS,14:10,73M,30
CD5261,AMS,PVK,13:20,73M,3
CD5262,PVK,AMS,17:05,73M,3
CD5267,AMS,ZTH,05:00,73M,4
CD5268,ZTH,AMS,09:00,73M,4
CD5272,KGS,AMS,10:35,73M,1
CD5273,AMS,RHO,14:30,73M,4
CD5274,RHO,AMS,19:05,73M,4
CD5275,AMS,KGS,05:15,73M,4
CD5276,KGS,AMS,09:30,73M,5
CD5282,HER,AMS,17:10,73M,1
CD5299,AMS,SMI,09:25,73M,9
CD5313,AMS,HRG,07:40,73M,14
CD5314,HRG,AMS,13:40,73M,13
CD5317,AMS,HRG,14:00,350,4
CD5318,HRG,AMS,20:30,350,4
CD533,AMS,ZTH,14:30,73M,1
CD5333,AMS,HRG,06:40,73M,1
CD5334,HRG,AMS,12:40,73M,1
CD534,ZTH,AMS,18:15,73M,5
CD5345,AMS,HRG,08:00,73M,14
CD5346,HRG,AMS,14:00,73M,14
CD5347,AMS,HRG,14:30,350,5
CD5348,HRG,AMS,20:30,350,5
CD535,AMS,ZTH,03:55,73M,17
CD536,ZTH,AMS,19:00,73M,14
CD5363,AMS,HRG,08:00,73M,14
CD5364,HRG,AMS,14:00,73M,14
CD5365,AMS,HRG,14:30,73M,4
CD5366,HRG,AMS,20:30,73M,4
CD5369,AMS,HRG,20:50,73M,1
CD537,AMS,ZTH,05:40,73M,6
CD5370,HRG,AMS,02:30,73M,1
CD5375,AMS,HRG,08:15,73M,4
CD5376,HRG,AMS,14:15,73M,5
CD5379,AMS,HRG,15:10,73M,1
CD538,ZTH,AMS,17:25,73M,5
CD5380,HRG,AMS,01:00,73M,1
CD5389,AMS,HRG,20:40,73M,1
CD5390,HRG,AMS,03:00,73M,1
CD5417,AMS,LPA,09:45,73M,1
CD5418,LPA,AMS,15:25,73M,1
CD5427,AMS,LPA,09:45,73M,3
CD5428,LPA,AMS,15:25,73M,4
CD5443,AMS,LPA,06:15,73M,5
CD5444,LPA,AMS,11:55,73M,5
CD545,AMS,LPA,14:35,73M,3
CD5453,AMS,LPA,11:00,73M,4
CD5454,LPA,AMS,16:40,73M,5
CD5457,AMS,LPA,06:00,73M,9
CD5458,LPA,AMS,11:40,73M,9
CD546,LPA,AMS,20:00,73M,3
CD5471,AMS,LPA,05:30,73M,4
CD5472,LPA,AMS,11:10,73M,4
CD549,AMS,LPA,15:10,73M,8
CD550,LPA,AMS,20:55,73M,8
CD5517,AMS,AHU,13:40,73M,4
CD5518,AHU,AMS,17:45,73M,4
CD553,AMS,HRG,06:55,73M,3
CD554,HRG,AMS,12:55,73M,3
CD559,AMS,HRG,16:45,73M,12
CD560,HRG,AMS,00:25,73M,12
CD561,AMS,AYT,13:55,73M,12
CD562,AYT,AMS,19:20,73M,13
CD563,AMS,HRG,07:55,73M,13
CD5631,AMS,BOJ,05:00,73M,4
CD5632,BOJ,AMS,08:40,73M,4
CD564,HRG,AMS,14:00,73M,13
CD565,AMS,AYT,00:40,73M,2
CD566,AYT,AMS,05:30,73M,1
CD567,AMS,AYT,06:15,73M,2
CD5673,AMS,BOJ,05:00,73M,4
CD5674,BOJ,AMS,08:40,73M,4
CD568,AYT,AMS,11:05,73M,2
CD569,AMS,AYT,11:50,73M,2
CD570,AYT,AMS,16:30,73M,2
CD571,AMS,AYT,05:00,73M,1
CD5711,AMS,BJL,06:35,73M,6
CD5712,BJL,AMS,14:10,73M,6
CD5727,AMS,BJL,08:07,73M,1
CD5749,AMS,BJL,14:35,73M,23
CD5751,AMS,BJL,06:35,73M,6
CD5752,BJL,AMS,14:10,73M,7
CD579,AMS,BJL,05:30,73M,1
CD580,BJL,AMS,13:10,73M,2
CD5861,AMS,KTT,06:00,73M,8
CD5862,KTT,AMS,10:10,73M,8
CD5871,AMS,KAO,06:20,73M,3
CD5872,KAO,AMS,10:35,73M,3
CD598,CUR,AMS,23:45,350,114
CD5989,AMS,CUR,11:55,350,50
CD599,AMS,CUR,11:55,350,201
CD5990,CUR,AMS,23:45,350,53
CD5997,BON,AMS,02:00,350,154
CD601,AMS,GZP,07:00,73M,10
CD602,GZP,AMS,11:50,73M,10
CD605,AMS,GZP,13:30,73M,1
CD606,GZP,AMS,18:40,73M,1
CD609,AMS,GZP,05:00,73M,17
CD610,GZP,AMS,09:50,73M,18
CD611,AMS,LPA,05:20,73M,4
CD612,LPA,AMS,11:05,73M,4
CD619,AMS,LPA,06:05,73M,13
CD620,LPA,AMS,12:05,73M,13
CD621,AMS,PMI,13:55,73M,20
CD622,PMI,AMS,17:20,73M,21
CD623,AMS,PMI,05:00,73M,1
CD624,PMI,AMS,08:25,73M,2
CD627,AMS,PMI,16:25,73M,1
CD628,PMI,AMS,20:19,73M,1
CD631,AMS,AYT,12:19,73M,2
CD632,AYT,AMS,17:10,73M,2
CD633,AMS,AYT,05:20,73M,2
CD634,AYT,AMS,11:50,738,1
CD637,AMS,AYT,19:25,73M,1
CD638,AYT,AMS,23:55,73M,1
CD639,AMS,AYT,15:15,73M,18
CD640,AYT,AMS,20:05,73M,19
CD643,AMS,ZTH,05:00,73M,21
CD644,ZTH,AMS,09:00,73M,21
CD647,AMS,ZTH,01:15,73M,8
CD648,ZTH,AMS,05:15,73M,8
CD659,AMS,PVK,09:45,73M,11
CD660,PVK,AMS,13:40,73M,12
CD661,AMS,KTT,06:00,73M,10
CD662,KTT,AMS,18:35,73M,10
CD669,AMS,BJL,17:00,73M,1
CD670,BJL,AMS,00:30,73M,1
CD695,AMS,KTT,09:55,73M,1
CD696,KTT,AMS,14:40,73M,1
CD697,AMS,HRG,06:00,73M,16
CD698,HRG,AMS,11:55,73M,15
CD699,AMS,HRG,18:00,73M,16
CD700,HRG,AMS,00:05,73M,16
CD701,AMS,GZP,05:20,73M,1
CD702,GZP,AMS,10:10,73M,1
CD703,AMS,GZP,06:55,73M,12
CD704,GZP,AMS,11:39,73M,12
CD707,AMS,GZP,13:30,73M,3
CD708,GZP,AMS,18:20,73M,3
CD711,AMS,HRG,06:15,73M,21
CD712,HRG,AMS,12:10,73M,21
CD723,AMS,RHO,14:20,73M,19
CD724,RHO,AMS,18:55,73M,17
CD725,AMS,RHO,15:45,73M,8
CD726,RHO,AMS,20:20,73M,8
CD7379,AMS,BUD,14:30,73M,3
CD7380,BUD,AMS,13:00,73M,1
CD739,AMS,KGS,05:00,73M,25
CD740,KGS,AMS,09:30,73M,26
CD745,AMS,HRG,15:10,73M,1
CD749,AMS,HRG,06:05,73M,4
CD750,HRG,AMS,11:46,73M,4
CD755,AMS,ZTH,05:00,73M,25
CD756,ZTH,AMS,09:00,73M,25
CD763,AMS,TFS,10:30,73M,16
CD764,TFS,AMS,16:30,73M,16
CD781,AMS,AYT,05:20,73M,5
CD782,AYT,AMS,10:10,73M,4
CD787,AMS,AYT,15:35,73M,1
CD797,AMS,BOJ,13:30,73M,7
CD798,BOJ,AMS,17:25,73M,7
CD8989,AMS,CUR,16:45,350,1
CD921,AMS,VIE,09:00,73M,1
CD9211,AMS,WAW,08:15,73M,1
CD9212,WAW,AMS,09:25,73M,1
CD9291,AMS,ATH,06:00,73M,3
CD9292,ATH,AMS,13:00,73M,3
CD939,AMS,HER,06:30,73M,1
CD940,HRG,AMS,17:20,73M,1
CD9421,AMS,ATH,06:00,73M,1
CD9422,ATH,AMS,13:00,73M,1
CD9543,AMS,AGP,09:00,73M,1
CD9544,AGP,AMS,15:54,73M,1
CD9552,MLA,AMS,18:10,73M,1
CD9712,SPU,AMS,11:51,73M,1
CD9732,CHQ,AMS,12:45,73M,1
CD9771,AMS,OPO,15:40,73M,1
CD9772,OPO,AMS,11:00,73M,1
CD988,KTT,AMS,11:55,73M,1
CI0073,TPE,AMS,15:10,350,232
CI0074,AMS,TPE,09:00,350,234
CI061,TPE,FRA,15:10,350,404
CI062,FRA,TPE,09:15,350,415
CI2061,TPE,FRA,01:25,350,2
CI2062,FRA,TPE,08:00,350,1
CI2073,TPE,AMS,18:10,350,2
CI2074,AMS,TPE,12:10,350,2
CI5032,AMS,TPE,13:35,772,6
CI5521,DWC,FRA,04:30,77L,113
CI5522,FRA,TPE,14:40,77L,112
CI5523,DWC,FRA,04:55,77L,10
CI5524,FRA,DWC,14:50,77L,10
CI5531,TPE,AMS,04:30,772,6
CI5663,DEL,FRA,02:20,77L,9
CI5685,TPE,AMS,02:25,772,122
CI5686,AMS,BOM,14:40,772,118
CK205,PVG,AMS,02:30,772,419
CK206,AMS,PVG,17:25,772,404
CK209,PVG,AMS,21:30,772,98
CK210,AMS,PVG,12:00,772,94
CK211,PVG,FRA,01:50,77L,47
CK212,FRA,PVG,16:15,77L,46
CK215,PVG,FRA,21:10,77L,407
CK216,FRA,PVG,12:25,77L,407
CK217,PVG,AMS,21:30,772,45
CK218,AMS,PVG,12:00,772,46
CK235,CKG,FRA,04:55,77L,65
CK236,FRA,CKG,18:35,77L,63
CV2613,NBO,AMS,23:40,744,84
CV2614,NBO,AMS,23:00,744,1
CV5799,AMS,LUX,08:00,747,1
CV5939,AMS,LUX,08:20,747,1
CV5962,AMS,LUX,20:15,744,1
CV6055,AMS,LUX,08:55,744,1
CV6056,AMS,LUX,10:30,744,3
CV6236,AMS,LUX,01:25,744,78
CV6576,AMS,LUX,18:40,744,2
CV6764,AMS,LUX,13:45,744,1
CV6823,AMS,LUX,12:00,747,82
CX014,FRA,MXP,07:40,747,54
CX037,DEL,FRA,23:45,747,55
CX061,DWC,FRA,07:00,747,60
CX065,HKG,AMS,00:30,747,29
CX067,DWC,FRA,22:00,747,25
CX068,FRA,MXP,07:55,747,55
CX069,DWC,FRA,21:35,747,24
CX2014,HKG,AMS,09:45,747,59
CX2038,HKG,AMS,07:50,747,45
CX2066,AMS,FRA,11:30,747,80
CX2067,HKG,AMS,01:05,747,32
CX2068,AMS,FRA,10:25,747,95
CX2270,AMS,HKG,07:00,77W,2
CX2289,HKG,FRA,15:50,77W,2
CX251,HKG,AMS,14:55,77W,1
CX255,LHR,AMS,15:35,77W,1
CX270,AMS,HKG,10:15,350,400
CX271,HKG,AMS,15:15,350,408
CX288,FRA,HKG,11:45,77W,414
CX289,HKG,FRA,15:55,77W,405
CX3031,HKG,AMS,19:00,747,5
CX3064,FRA,HKG,19:20,744,10
CX3068,FRA,HKG,19:20,744,13
CZ0307,CAN,AMS,16:20,350,395
CZ0308,AMS,CAN,11:20,350,395
CZ0345,PKX,AMS,06:15,350,400
CZ0346,AMS,PKX,19:40,350,398
CZ2571,CAN,AMS,18:50,772,99
CZ2572,AMS,CAN,10:00,772,92
CZ2573,CAN,AMS,01:35,772,96
CZ2574,AMS,CAN,16:30,772,92
CZ2575,CAN,AMS,20:30,77L,16
CZ2576,AMS,CAN,10:20,772,53
CZ2577,CAN,AMS,20:30,77L,16
CZ2578,AMS,CAN,10:00,772,53
CZ2579,CAN,AMS,20:30,77L,18
CZ2580,AMS,CAN,10:50,772,53
CZ2689,CAN,AMS,01:45,77L,4
CZ2690,AMS,CAN,10:15,77L,4
CZ2691,CAN,AMS,18:50,77L,8
CZ2692,AMS,CAN,10:20,77L,8
CZ2693,CAN,AMS,19:50,77L,5
CZ2694,AMS,CAN,11:20,77L,5
CZ2695,CAN,AMS,20:00,77L,5
CZ2696,AMS,CAN,10:20,77L,5
CZ2697,CAN,AMS,20:00,77L,5
CZ2698,AMS,CAN,10:00,77L,4
CZ331,CAN,FRA,16:05,350,120
CZ332,FRA,CAN,12:05,350,125
CZ403,CKG,FRA,21:20,77L,14
CZ404,FRA,CAN,12:05,77L,25
CZ405,SZX,FRA,22:00,77L,38
CZ406,FRA,PVG,12:30,77L,40
CZ407,SZX,FRA,20:30,77L,28
CZ408,FRA,SZX,12:15,77L,15
CZ409,SZX,FRA,20:30,77L,13
CZ410,FRA,CAN,12:35,77L,24
CZ451,PVG,AMS,16:25,772,162
CZ452,AMS,PVG,10:00,772,157
CZ453,PVG,AMS,20:20,772,107
CZ454,AMS,PVG,11:20,772,105
CZ461,PVG,FRA,02:00,77L,85
CZ462,FRA,PVG,13:25,77L,73
CZ463,PVG,FRA,22:55,77L,85
CZ464,FRA,PVG,13:25,77L,84
CZ465,CAN,FRA,02:00,77L,33
CZ466,FRA,CAN,10:35,77L,32
CZ467,CAN,FRA,02:00,77L,71
CZ468,FRA,CAN,14:10,77L,84
CZ469,CAN,FRA,02:00,77L,49
CZ470,FRA,CAN,13:40,77L,71
CZ495,PVG,AMS,19:05,772,107
CZ496,AMS,PVG,10:00,772,106
CZ5204,BUD,FRA,08:35,77L,7
CZ5223,AMS,CPH,11:20,772,1
CZ5235,SZX,FRA,20:55,77L,19
CZ6041,URC,FRA,07:10,787,9
CZ6042,FRA,URC,17:20,787,8
CZ8021,SHE,FRA,17:30,350,60
CZ8022,FRA,SHE,12:05,350,62
D82038,ARN,AMS,07:50,738,64
D82039,AMS,ARN,10:45,738,64
D83538,CPH,AMS,06:15,738,81
D83539,AMS,CPH,08:20,738,81
D83540,CPH,AMS,14:30,73M,349
D83541,AMS,CPH,16:35,73M,346
D84353,ARN,AMS,16:50,73M,206
D84354,AMS,ARN,19:30,73M,206
D84531,ARN,AMS,07:50,73M,13
D84532,AMS,ARN,10:45,73M,12
D84533,ARN,AMS,07:50,738,25
D84534,AMS,ARN,10:45,738,25
D85622,AMS,OSL,17:45,738,1
D85707,OSL,AMS,10:10,738,1
DC9829,FRA,LNZ,13:30,AT7,1
DE030,FRA,HRG,09:45,321,411
DE031,HRG,FRA,12:50,321,412
DE1160,FRA,PMI,06:10,321,21
DE1161,PMI,FRA,09:15,321,22
DE1308,FRA,FAO,03:45,320,79
DE1309,FAO,FRA,08:00,320,82
DE1402,FRA,FUE,10:35,321,439
DE1403,FUE,FRA,13:20,321,404
DE1404,FRA,LPA,09:50,753,397
DE1405,LPA,FRA,13:05,753,399
DE1406,FRA,SPC,09:15,321,87
DE1407,SPC,FRA,14:55,321,87
DE1408,FRA,ACE,04:25,321,186
DE1409,ACE,FRA,14:30,321,187
DE142,FRA,AYT,03:40,321,199
DE143,AYT,FRA,08:00,321,198
DE1478,FRA,TFS,09:50,321,421
DE1479,TFS,FRA,15:45,321,425
DE1498,FRA,PMI,14:00,753,170
DE1499,PMI,FRA,17:05,753,177
DE1500,FRA,IBZ,02:50,321,126
DE1501,IBZ,FRA,06:15,321,127
DE1502,FRA,PMI,02:45,320,272
DE1503,PMI,FRA,16:15,320,272
DE1504,FRA,PMI,08:40,753,221
DE1505,PMI,FRA,08:25,753,231
DE1510,FRA,PMI,07:55,320,205
DE1511,PMI,FRA,18:05,320,208
DE1552,FRA,XRY,04:40,319,143
DE1553,XRY,FRA,08:20,319,149
DE1566,FRA,SPU,15:30,320,4
DE1567,SPU,FRA,18:15,320,4
DE1568,FRA,PMI,11:45,319,18
DE1569,PMI,FRA,14:50,319,21
DE1570,FRA,FNC,11:45,320,181
DE1571,FNC,FRA,15:25,320,181
DE1580,FRA,CFU,04:50,320,169
DE1581,CFU,FRA,08:10,320,169
DE1582,FRA,CHQ,02:45,320,138
DE1583,CHQ,FRA,06:40,320,150
DE1590,FRA,KGS,04:00,321,123
DE1591,KGS,FRA,08:05,321,127
DE1592,FRA,PVK,06:30,319,79
DE1593,PVK,FRA,08:55,319,80
DE1594,FRA,RHO,03:15,321,210
DE1595,RHO,FRA,07:20,321,211
DE1662,FRA,HER,04:15,320,223
DE1663,HER,FRA,07:35,320,224
DE1664,FRA,KLX,05:00,319,60
DE1665,KLX,FRA,08:35,319,60
DE1668,FRA,HER,02:45,320,109
DE1669,HER,FRA,08:40,320,111
DE1687,HER,FRA,11:43,753,1
DE1710,FRA,PMI,06:05,320,51
DE1711,PMI,FRA,09:15,320,51
DE1718,FRA,SPU,03:00,320,98
DE1719,SPU,FRA,05:35,320,98
DE1736,FRA,KVA,09:50,319,70
DE1737,KVA,FRA,08:40,319,70
DE1748,FRA,ZTH,05:00,319,53
DE1749,ZTH,FRA,08:35,319,55
DE1758,FRA,SMI,09:35,321,30
DE1759,SMI,FRA,13:40,321,30
DE1772,FRA,PMI,02:45,753,146
DE1773,PMI,FRA,07:15,753,147
DE1804,FRA,SPC,07:05,320,1
DE1805,SPC,FRA,12:45,320,1
DE1808,FRA,OLB,02:45,320,136
DE1809,OLB,FRA,05:25,320,140
DE1816,FRA,SUF,11:55,321,61
DE1817,SUF,FRA,15:00,321,63
DE192,FRA,HRG,07:10,320,28
DE193,HRG,FRA,12:05,320,29
DE2008,FRA,PUJ,10:10,330,4
DE2009,PUJ,FRA,02:00,330,4
DE2016,FRA,JFK,09:15,330,323
DE2017,JFK,FRA,20:05,330,316
DE2032,FRA,SEA,11:45,330,303
DE2033,SEA,FRA,00:05,330,308
DE2034,FRA,SEA,12:05,330,14
DE2035,SEA,FRA,01:20,330,13
DE2038,FRA,BOS,09:40,330,190
DE2039,BOS,FRA,20:00,330,184
DE2044,FRA,MIA,11:15,330,141
DE2045,MIA,FRA,00:05,330,144
DE2050,FRA,ANC,13:30,330,61
DE2051,ANC,FRA,02:15,330,62
DE2062,FRA,LAS,10:10,330,93
DE2063,LAS,FRA,00:05,330,96
DE2080,FRA,LAX,10:30,330,119
DE2081,LAX,FRA,00:30,330,118
DE2084,FRA,SFO,09:40,330,26
DE2085,SFO,FRA,23:30,330,25
DE2086,FRA,LAX,10:30,330,81
DE2087,LAX,FRA,00:30,330,81
DE2088,FRA,LAX,10:30,330,18
DE2089,LAX,FRA,00:30,330,20
DE2090,FRA,PDX,09:55,330,66
DE2091,PDX,FRA,22:35,330,69
DE2092,FRA,SFO,09:40,330,71
DE2093,SFO,FRA,23:30,330,74
DE2096,FRA,SFO,09:40,330,106
DE2097,SFO,FRA,23:30,330,101
DE2112,FRA,CUN,08:50,330,28
DE2113,CUN,FRA,03:50,330,28
DE2114,FRA,CUN,11:30,330,176
DE2115,CUN,FRA,00:15,330,181
DE2116,FRA,CUN,12:05,330,159
DE2117,CUN,FRA,01:30,330,159
DE2118,FRA,CUN,12:10,330,37
DE2119,CUN,FRA,00:15,330,36
DE2124,FRA,SJD,12:15,330,58
DE2125,SJD,FRA,00:25,330,57
DE2162,FRA,MBJ,13:15,330,87
DE2163,MBJ,FRA,01:55,330,87
DE2184,FRA,HAV,10:35,330,33
DE2185,HAV,FRA,00:05,330,34
DE2198,FRA,VRA,09:55,330,48
DE2199,VRA,FRA,03:50,330,50
DE2206,FRA,HOG,10:10,330,18
DE2207,HOG,FRA,23:10,330,20
DE2208,FRA,PUJ,13:30,330,59
DE2209,PUJ,FRA,01:35,330,59
DE2226,FRA,PUJ,13:15,330,93
DE2227,PUJ,FRA,01:15,330,95
DE2228,FRA,PUJ,14:10,330,158
DE2229,PUJ,FRA,02:20,330,160
DE2236,FRA,PTY,19:50,330,67
DE2237,PTY,FRA,16:05,330,65
DE2254,BGI,FRA,00:30,330,59
DE2272,PUJ,FRA,02:50,330,63
DE2282,FRA,MBA,18:10,330,242
DE2283,MBA,FRA,18:10,330,127
DE2288,FRA,JNB,18:30,330,168
DE2289,JNB,FRA,15:50,330,162
DE2290,FRA,CPT,20:55,330,202
DE2291,CPT,FRA,17:50,330,193
DE2302,FRA,SEZ,15:50,330,37
DE2303,SEZ,FRA,19:30,330,36
DE2314,FRA,MRU,18:10,330,224
DE2315,MRU,FRA,15:20,330,223
DE2320,FRA,MLE,19:00,330,166
DE2321,MLE,FRA,07:00,330,164
DE2360,FRA,BKK,18:15,330,14
DE2361,BKK,FRA,15:35,330,13
DE2362,FRA,BKK,18:10,330,294
DE2363,BKK,FRA,14:50,330,287
DE2364,FRA,BKK,14:05,330,13
DE2365,BKK,FRA,03:10,330,13
DE2366,FRA,BKK,18:15,330,17
DE2367,BKK,FRA,15:35,330,18
DE2368,FRA,HKT,13:55,330,178
DE2369,HKT,FRA,03:10,330,183
DE238,FRA,HRG,06:30,321,1
DE239,HRG,FRA,16:30,753,1
DE2402,FRA,YYZ,13:15,330,303
DE2403,YYZ,FRA,23:55,330,295
DE2440,FRA,YYC,10:25,330,64
DE2441,YYC,FRA,22:20,330,61
DE2442,FRA,YYC,10:25,330,4
DE2443,YYC,FRA,22:20,330,4
DE2454,FRA,YVR,12:25,330,186
DE2455,YVR,FRA,00:50,330,188
DE3510,FRA,TRS,09:15,321,1
DE3511,TRS,FRA,11:40,321,1
DE3542,FRA,FCO,04:55,321,4
DE3543,FCO,FRA,07:45,321,3
DE3548,FRA,PMI,04:25,320,2
DE3549,PMI,FRA,07:30,320,2
DE3568,FRA,LPA,08:40,320,16
DE3569,LPA,FRA,14:25,320,17
DE3575,PMI,FRA,06:20,753,1
DE3582,FRA,XRY,10:05,321,1
DE3583,XRY,FRA,14:26,321,1
DE3596,FRA,PMI,10:35,321,1
DE3597,PMI,FRA,13:50,321,1
DE3702,FRA,NRT,09:35,330,4
DE3703,NRT,FRA,13:00,330,4
DE3704,FRA,LRM,10:20,330,38
DE3705,LRM,FRA,22:55,330,37
DE3714,FRA,FDF,11:00,330,21
DE3715,FDF,FRA,22:55,330,22
DE3732,FRA,GIG,19:30,330,1
DE3733,GIG,FRA,22:10,330,1
DE3734,FRA,GIG,19:30,330,1
DE3735,GIG,FRA,23:50,330,1
DE3744,FRA,BGI,11:10,330,15
DE3745,BGI,FRA,01:05,330,16
DE3746,FRA,GIG,09:00,330,1
DE3747,GIG,FRA,03:05,330,1
DE3748,FRA,MBJ,11:10,330,13
DE3749,MBJ,FRA,00:30,330,13
DE3750,FRA,LRM,10:50,330,12
DE3751,LRM,FRA,23:25,330,12
DE3758,FRA,MBJ,10:45,330,13
DE3759,MBJ,FRA,00:05,330,13
DE3776,FRA,JFK,09:15,330,5
DE3777,JFK,FRA,20:05,330,5
DE3782,FRA,BGI,09:25,330,12
DE3783,BGI,FRA,21:45,330,12
DE3788,FRA,CPT,19:00,330,5
DE3789,CPT,FRA,16:00,330,5
DE3796,FRA,LRM,11:10,330,16
DE3797,LRM,FRA,23:35,330,17
DE3798,FRA,FDF,11:10,330,11
DE3799,FDF,FRA,00:30,330,12
DE3806,FRA,MBJ,08:50,330,13
DE3807,MBJ,FRA,22:10,330,12
DE3812,FRA,BGI,08:50,330,15
DE3813,BGI,FRA,22:45,330,16
DE3824,FRA,CPT,18:10,330,1
DE3825,CPT,FRA,15:05,330,1
DE3826,FRA,LRM,09:45,330,1
DE3827,LRM,FRA,22:25,330,1
DE3844,FRA,LRM,10:50,330,38
DE3845,LRM,FRA,23:20,330,37
DE3848,FRA,GIG,10:00,330,1
DE3849,GIG,FRA,01:30,330,1
DE3850,FRA,BGI,07:55,330,12
DE3851,BGI,FRA,20:20,330,12
DE3854,FRA,PTY,11:50,330,1
DE3855,PTY,FRA,02:35,330,1
DE3858,FRA,DUR,18:40,330,1
DE3859,DUR,FRA,15:30,330,1
DE3866,FRA,LRM,08:40,330,30
DE3867,LRM,FRA,21:15,330,27
DE3910,FRA,LRM,11:00,330,30
DE3911,LRM,FRA,23:15,330,27
DE4058,LCA,FRA,23:05,319,74
DE4059,FRA,LCA,18:10,319,77
DE4074,BER,FRA,10:20,320,118
DE4075,FRA,BER,13:15,320,120
DE4086,BER,FRA,07:00,320,364
DE4087,FRA,BER,12:50,320,363
DE4094,BER,FRA,15:45,320,366
DE4095,FRA,BER,04:50,320,366
DE4104,CAI,FRA,23:05,E90,31
DE4105,FRA,CAI,18:00,E90,31
DE4122,LGW,FRA,09:20,E90,30
DE4123,FRA,LGW,06:20,E90,30
DE4172,HAM,FRA,10:30,320,126
DE4173,FRA,HAM,13:05,320,128
DE4178,HAM,FRA,15:30,321,362
DE4179,FRA,HAM,04:45,321,365
DE4180,HAM,FRA,06:50,321,362
DE4181,FRA,HAM,13:15,321,361
DE4186,FCO,FRA,14:40,321,31
DE4187,FRA,FCO,18:00,321,31
DE4214,CDG,FRA,15:25,320,268
DE4215,FRA,CDG,13:10,320,267
DE4232,VCE,FRA,06:40,320,31
DE4233,FRA,VCE,17:55,320,31
DE4234,VCE,FRA,14:45,320,31
DE4235,FRA,VCE,12:30,320,31
DE4236,VCE,FRA,09:40,E90,31
DE4237,FRA,VCE,07:10,E90,31
DE4244,LGW,FRA,14:35,E90,31
DE4245,FRA,LGW,12:00,E90,31
DE4256,MUC,FRA,10:35,320,74
DE4257,FRA,MUC,13:00,320,80
DE4264,CDG,FRA,06:40,321,306
DE4265,FRA,CDG,04:25,321,303
DE4292,CDG,FRA,06:25,320,56
DE4293,FRA,CDG,13:10,320,57
DE4304,MUC,FRA,07:00,319,339
DE4305,FRA,MUC,13:20,319,323
DE4310,ZRH,FRA,15:50,320,335
DE4311,FRA,ZRH,04:15,320,337
DE4312,ZRH,FRA,06:00,320,339
DE4313,FRA,ZRH,12:50,320,329
DE4316,LGW,FRA,18:40,E90,31
DE4317,FRA,LGW,16:15,E90,31
DE4318,ZRH,FRA,10:35,321,120
DE4319,FRA,ZRH,13:30,321,122
DE4322,BCN,FRA,08:25,321,31
DE4323,FRA,BCN,05:30,321,31
DE4324,BCN,FRA,15:00,321,31
DE4325,FRA,BCN,12:00,321,31
DE4326,BCN,FRA,06:00,321,31
DE4327,FRA,BCN,18:10,321,31
DE4338,EVN,FRA,22:50,319,116
DE4339,FRA,EVN,17:55,319,120
DE4344,VIE,FRA,10:10,321,124
DE4345,FRA,VIE,13:00,321,125
DE4346,VIE,FRA,06:50,321,161
DE4347,FRA,VIE,07:30,321,161
DE4348,VIE,FRA,05:40,321,337
DE4349,FRA,VIE,12:50,321,332
DE4354,MXP,FRA,15:35,321,278
DE4355,FRA,MXP,04:50,320,278
DE4356,MXP,FRA,07:00,320,268
DE4357,FRA,MXP,13:05,321,279
DE4358,MXP,FRA,15:45,320,107
DE4359,FRA,MXP,19:10,320,96
DE4406,PRG,FRA,06:50,320,281
DE4407,FRA,PRG,12:50,320,300
DE4408,PRG,FRA,15:50,320,293
DE4409,FRA,PRG,04:50,320,276
DE4410,PRG,FRA,10:40,320,68
DE4411,FRA,PRG,18:25,320,57
DE4418,FCO,FRA,06:20,320,234
DE4419,FRA,FCO,13:05,320,230
DE4425,XFW,FRA,14:30,321,1
DE4426,MUC,FRA,15:50,319,331
DE4427,FRA,MUC,04:50,319,337
DE4438,FCO,FRA,08:50,321,31
DE4439,FRA,FCO,06:00,321,31
DE4464,BUD,FRA,09:25,319,31
DE4465,FRA,BUD,07:00,319,31
DE4466,BUD,FRA,15:05,319,31
DE4467,FRA,BUD,12:30,319,31
DE4468,BUD,FRA,06:20,319,31
DE4469,FRA,BUD,18:10,319,30
DE4532,FRA,DUS,12:40,330,20
DE4533,DUS,FRA,08:05,330,19
DE4580,DUS,FRA,10:40,330,1
DE4588,NWI,FRA,12:20,320,1
DE4592,DUS,FRA,09:40,330,3
DE4593,FRA,DUS,04:55,330,3
DE4607,SEA,FRA,18:00,330,1
DE4689,FRA,BER,11:45,320,1
DE4702,HHN,FRA,15:45,753,1
DE4725,DUS,FRA,13:30,330,1
DE4757,XFW,FRA,11:00,320,1
DE4790,FRA,DUS,04:00,320,16
DE4791,DUS,FRA,05:20,330,13
DE4792,HAM,FRA,06:15,321,3
DE4793,BER,FRA,11:00,321,2
DE4794,FRA,RJK,08:30,320,8
DE4795,FRA,DUS,09:20,320,1
DE4796,RJK,FRA,14:41,321,3
DE4797,LEJ,FRA,14:15,320,1
DE4804,FRA,STR,04:00,321,1
DE4808,DUS,FRA,07:20,321,3
DE4811,DUS,FRA,10:00,321,2
DE4815,FRA,DUS,07:30,753,1
DE4818,FRA,DUS,09:50,321,1
DE4820,FRA,DUS,08:45,321,1
DE4821,DUS,FRA,10:00,330,1
DE4823,STR,FRA,12:35,321,4
DE4824,FRA,NUE,14:00,321,1
DE4825,HAM,FRA,10:20,321,3
DE4840,FRA,MUC,06:15,321,1
DE4850,FRA,PRN,14:10,321,1
DE4854,XFW,FRA,19:25,320,1
DE4865,BER,FRA,09:00,320,1
DE4874,FRA,NUE,12:05,330,1
DE4875,HAM,FRA,14:35,321,1
DE4888,XFW,FRA,14:15,320,1
DE4893,DUS,FRA,08:00,753,1
DE524,FRA,AGA,10:30,320,65
DE525,AGA,FRA,15:25,321,66
DE747,AYT,FRA,18:40,321,1
DE9104,FRA,LIS,13:10,320,1
DE9106,FRA,ATH,08:00,320,1
DE9107,ATH,FRA,11:45,320,1
DE9108,FRA,DBV,08:05,320,1
DE9109,DBV,FRA,10:50,320,1
DE9112,FRA,GWT,11:15,320,1
DE9113,GWT,FRA,09:55,320,2
DE9114,FRA,TFS,08:30,753,1
DE9115,TFS,FRA,14:40,753,1
DE9119,LIS,FRA,15:40,320,1
DE9198,FRA,STN,05:25,320,3
DE9199,STN,FRA,05:45,320,3
DE9202,FRA,FCO,07:35,320,1
DE9203,FCO,FRA,11:00,320,1
DE9204,FRA,MRS,08:00,320,1
DE9205,MRS,FRA,11:13,320,1
DE9206,FRA,BCN,09:00,320,1
DE9207,BCN,FRA,11:50,320,1
DE9225,CAG,FRA,09:33,320,1
DE9288,FRA,BCN,06:00,321,2
DE9289,BCN,FRA,00:55,321,2
DE9298,FRA,FCO,07:45,753,1
DE9299,FCO,FRA,02:25,753,1
DE9304,FRA,TRD,06:00,321,3
DE9305,TRD,FRA,00:55,321,3
DE9350,FRA,GYD,15:00,320,6
DE9351,GYD,FRA,10:00,320,5
DE9378,FRA,FCO,09:25,320,1
DE9411,GYD,FRA,13:30,330,1
DE9416,FRA,KIN,07:30,330,2
DE9417,KIN,FRA,21:00,330,2
DE9418,FRA,PTY,07:30,330,2
DE9419,PTY,FRA,19:30,330,2
DE9424,FRA,PDX,08:00,330,2
DE9425,PDX,FRA,09:55,330,2
DK4733,OSL,AMS,15:30,333,1
DL0016,DTW,AMS,23:15,332,1
DL0030,ATL,AMS,23:25,764,1
DL0046,JFK,AMS,21:45,333,406
DL0047,AMS,JFK,07:55,333,411
DL0048,JFK,AMS,23:50,330,387
DL0049,AMS,JFK,09:10,330,395
DL0056,SLC,AMS,22:35,330,398
DL0057,AMS,SLC,08:35,330,415
DL0058,BOS,AMS,01:28,332,1
DL0070,ATL,AMS,19:30,333,231
DL0071,AMS,ATL,07:00,333,234
DL0072,ATL,AMS,22:10,333,408
DL0073,AMS,ATL,09:45,350,409
DL0074,ATL,AMS,01:10,333,413
DL0075,AMS,ATL,12:00,333,419
DL0087,FRA,AMS,10:05,332,1
DL0090,MCO,AMS,00:30,333,179
DL0091,AMS,MCO,11:45,333,177
DL0132,DTW,AMS,21:15,350,408
DL0133,AMS,DTW,07:30,350,415
DL0134,DTW,AMS,22:30,330,355
DL0135,AMS,DTW,08:55,333,358
DL0136,DTW,AMS,02:35,333,409
DL0137,AMS,DTW,11:00,330,414
DL0139,VCE,AMS,09:20,764,1
DL014,ATL,FRA,22:55,332,405
DL0142,SEA,AMS,21:10,330,409
DL0143,AMS,SEA,08:20,330,409
DL0144,SEA,AMS,00:40,330,241
DL0145,AMS,SEA,12:40,330,236
DL015,FRA,ATL,08:40,332,413
DL0160,MSP,AMS,21:30,350,406
DL0161,AMS,MSP,07:40,350,409
DL0162,MSP,AMS,01:05,333,412
DL0163,AMS,MSP,10:55,333,410
DL0164,MSP,AMS,02:50,333,237
DL0165,AMS,MSP,13:10,333,231
DL0236,TPA,AMS,01:05,333,268
DL0237,AMS,TPA,11:35,333,268
DL0242,BOS,AMS,22:45,333,321
DL0243,AMS,BOS,09:45,330,325
DL0256,BOS,AMS,00:10,330,328
DL0257,AMS,BOS,12:30,333,329
DL056,SLC,FRA,22:58,333,1
DL086,DTW,FRA,23:45,332,334
DL087,FRA,DTW,09:00,332,342
DL106,JFK,FRA,22:40,332,317
DL107,FRA,JFK,09:50,332,320
DL8835,MXP,AMS,11:25,333,1
DL8853,AMS,STN,08:40,350,1
DL9889,AMS,MSP,06:20,333,2
DL9890,MSP,AMS,06:40,333,3
DL9891,AMS,MCO,07:30,333,1
DL9892,ATL,AMS,03:30,333,2
DL9893,AMS,ATL,07:45,333,4
DL9894,ATL,AMS,00:25,333,3
DL9895,FRA,ATL,07:30,333,2
DL9896,TPA,AMS,20:30,333,1
DL9899,AMS,JFK,13:30,333,2
DL9901,AMS,ATL,12:15,333,1
DL9902,DTW,AMS,04:00,333,1
DL9903,AMS,MSP,10:00,333,3
DL9904,JFK,AMS,04:30,333,1
DL9906,DTW,AMS,00:30,333,5
DL9907,AMS,DTW,03:40,333,6
DL9909,AMS,JFK,11:00,330,1
DL9913,AMS,ATL,12:45,333,2
DL9914,AMS,SEA,09:35,330,1
DL9915,FRA,ATL,07:30,332,1
DL9921,AMS,ATL,09:55,333,1
DL9922,MSP,AMS,01:25,333,2
DL9923,AMS,BOS,09:30,330,1
DL9926,DTW,AMS,21:30,333,2
DL9928,AMS,JFK,07:01,332,1
DL9929,AMS,JFK,12:00,330,1
DL9930,AMS,ATL,09:00,764,1
DL9931,AMS,ATL,13:45,332,1
DL9934,DTW,AMS,02:10,333,1
DL9936,AMS,KEF,08:00,321,10
DL9941,TLS,AMS,07:46,321,1
DL9959,AMS,ATL,10:00,350,1
DL9961,AMS,ATL,09:30,764,1
DL9964,ZRH,AMS,08:00,764,1
DL9970,DTW,AMS,00:00,333,1
DL9977,AMS,ATL,13:00,332,1
DX191,LNZ,FRA,04:15,AT7,17
DX192,FRA,LNZ,06:30,AT7,17
DX193,LNZ,FRA,09:40,AT7,22
DX194,FRA,LNZ,12:00,AT7,22
DX197,LNZ,FRA,15:30,AT7,23
DX198,FRA,LNZ,17:20,AT7,23
DY1256,OSL,AMS,09:05,738,69
DY1257,AMS,OSL,11:40,738,68
DY1258,OSL,AMS,17:05,738,326
DY1259,AMS,OSL,19:40,738,323
DY1792,OSL,AMS,14:30,738,1
DY8430,AMS,ALC,21:50,738,1
DY8439,AMS,OSL,11:40,73M,1
DY8923,OSL,AMS,08:25,73M,1
DY8925,AMS,CPH,10:00,738,2
DY8927,OSL,AMS,19:00,738,1
ED8106,MAD,FRA,09:00,735,1
ED8112,FRA,MAD,15:15,735,1
ED8118,FRA,MAD,14:15,735,1
ED8186,LYS,FRA,10:25,735,1
EI1657,FRA,DUB,12:15,320,2
EI602,DUB,AMS,05:15,320,424
EI603,AMS,DUB,07:35,320,422
EI604,DUB,AMS,10:00,320,418
EI605,AMS,DUB,11:15,320,410
EI608,DUB,AMS,13:20,320,426
EI609,AMS,DUB,15:40,320,420
EI610,DUB,AMS,17:20,320,386
EI611,AMS,DUB,19:40,320,385
EI650,DUB,FRA,06:00,320,394
EI651,FRA,DUB,08:55,320,394
EI656,DUB,FRA,15:50,320,257
EI657,FRA,DUB,18:40,320,257
EI840,ORK,AMS,06:10,320,62
EI841,AMS,ORK,08:40,320,62
EI844,ORK,AMS,16:55,320,52
EI845,AMS,ORK,19:35,320,52
EI991,FRA,DUB,12:15,320,1
EI993,FCO,FRA,10:00,320,1
EI996,MAN,AMS,09:10,343,1
EI997,AMS,MAN,17:15,343,1
EK043,DXB,FRA,23:45,77W,403
EK044,FRA,DXB,09:00,77W,415
EK045,DXB,FRA,04:25,388,427
EK046,FRA,DXB,13:15,388,420
EK047,DXB,FRA,11:20,77W,427
EK048,FRA,DXB,20:20,77W,419
EK145,DXB,AMS,23:15,77W,329
EK146,AMS,DXB,09:35,77W,327
EK147,DXB,AMS,04:05,388,427
EK148,AMS,DXB,13:25,388,412
EK149,DXB,AMS,10:45,388,426
EK150,AMS,DXB,19:50,388,423
EK2512,AMS,DXB,10:50,388,2
EK2566,FRA,DXB,13:30,388,2
EK8046,FRA,DXB,15:30,388,1
EK8048,FRA,DXB,09:00,388,4
EK8149,DXB,AMS,08:00,388,1
EK8150,AMS,DXB,18:00,388,1
EK9329,DSS,FRA,10:40,77L,1
EK9364,DWC,FRA,23:45,744,1
EK9365,FRA,DWC,09:10,744,1
EK9391,DWC,AMS,03:10,744,9
EK9392,AMS,DWC,13:55,744,8
EK9537,NBO,FRA,23:00,744,1
EK9641,CKY,AMS,23:15,77L,5
EK9642,AMS,OSL,10:00,77L,5
EK9655,DWC,AMS,22:15,77L,5
EK9656,AMS,CPH,08:35,77L,5
EK9657,DWC,AMS,23:30,77L,4
EK9658,AMS,OSL,10:15,77L,4
EK9717,ACC,FRA,10:10,77L,3
EK9735,CAI,FRA,01:00,77L,1
EK9742,DSS,FRA,10:20,77L,9
EK9745,NBO,AMS,22:40,77L,3
EK9746,AMS,CPH,09:35,77L,4
EK9747,NBO,AMS,22:40,77L,5
EK9748,AMS,ZAZ,09:25,77L,4
EK9753,NBO,AMS,22:40,77L,3
EK9754,AMS,CPH,09:35,77L,4
EK9757,NBO,AMS,22:30,77L,1
EK9773,EBL,FRA,09:30,77L,1
EK9903,AMS,FRA,15:05,744,197
EK9905,DWC,AMS,03:45,772,5
EK9911,ACC,FRA,00:15,744,1
EK9912,UIO,AMS,15:40,772,125
EK9913,DSS,FRA,00:45,77L,1
EK9914,AMS,DWC,13:15,772,59
EK9916,AMS,DWC,11:00,772,59
EK9943,AMS,YYZ,12:45,77L,10
EK9963,DWC,AMS,03:25,77L,9
EK9973,DWC,FRA,07:05,77L,30
EK9974,FRA,DWC,16:45,77L,40
EK9977,DWC,FRA,22:20,77L,54
EK9978,FRA,DWC,07:20,77L,61
EK9990,AMS,DWC,12:45,772,101
EK9993,AMS,FRA,14:45,772,142
EK9994,FRA,DWC,18:05,77L,50
EN8050,FRA,INN,07:50,E95,38
EN8051,INN,FRA,09:35,E95,38
EN8054,FRA,INN,15:50,E95,86
EN8055,INN,FRA,17:35,E95,87
EN8060,FRA,GRZ,06:30,E90,304
EN8061,GRZ,FRA,08:35,E90,304
EN8062,FRA,GRZ,10:45,E90,410
EN8063,GRZ,FRA,12:50,E90,413
EN8064,FRA,GRZ,14:55,E90,237
EN8065,GRZ,FRA,17:00,E90,234
EN8066,FRA,GRZ,19:40,E90,413
EN8067,GRZ,FRA,04:00,E90,417
EN8092,FRA,GVA,08:10,E90,178
EN8093,GVA,FRA,09:50,E90,179
EN8100,FRA,GVA,15:40,E90,182
EN8101,GVA,FRA,17:25,E90,182
EN8106,FRA,BSL,08:00,E95,93
EN8107,BSL,FRA,09:35,E95,94
EN8108,FRA,BSL,10:50,E90,291
EN8109,BSL,FRA,12:15,E90,292
EN8110,FRA,BSL,15:00,E90,294
EN8111,BSL,FRA,16:30,E90,294
EN8112,FRA,BSL,20:05,E90,263
EN8113,BSL,FRA,04:05,E90,260
EN8116,FRA,ZRH,05:55,E90,293
EN8117,ZRH,FRA,07:30,E90,293
EN8120,FRA,ZRH,12:00,E90,95
EN8121,ZRH,FRA,13:45,E90,96
EN8122,FRA,ZRH,15:20,E90,94
EN8123,ZRH,FRA,17:05,E90,94
EN8380,MUC,AMS,05:35,E95,54
EN8381,AMS,MUC,07:55,E95,53
EN8382,MUC,AMS,07:40,E95,11
EN8383,AMS,MUC,10:00,E95,11
EN8386,MUC,AMS,14:10,E95,88
EN8387,AMS,MUC,16:35,E95,88
EN8740,FRA,BLL,06:50,E90,209
EN8741,BLL,FRA,08:45,E90,209
EN8748,FRA,LUX,05:45,E90,54
EN8749,LUX,FRA,07:10,E90,54
EN8750,FRA,LUX,07:10,E95,391
EN8751,LUX,FRA,08:40,E95,391
EN8752,FRA,LUX,11:00,E90,386
EN8753,LUX,FRA,12:30,E90,382
EN8754,FRA,LUX,16:10,E95,194
EN8755,LUX,FRA,17:50,E95,194
EN8756,FRA,LUX,20:05,E90,386
EN8757,LUX,FRA,04:15,E90,381
EN8760,FRA,KTW,10:35,E90,365
EN8761,KTW,FRA,12:45,E90,365
EN8762,FRA,KTW,19:10,E90,369
EN8763,KTW,FRA,05:05,E90,367
EN8764,FRA,WRO,11:00,E90,256
EN8765,WRO,FRA,13:00,E90,257
EN8766,FRA,WRO,06:55,E90,327
EN8767,WRO,FRA,08:50,E90,327
EN8768,FRA,WRO,19:10,E90,255
EN8769,WRO,FRA,04:40,E90,256
EN8772,FRA,LCY,05:45,E90,300
EN8773,LCY,FRA,07:45,E90,297
EN8776,FRA,LCY,15:10,E90,260
EN8777,LCY,FRA,17:15,E90,257
EN8778,FRA,LCY,16:10,E90,297
EN8779,LCY,FRA,18:10,E90,299
EN8780,FRA,WRO,14:40,E90,170
EN8781,WRO,FRA,16:35,E90,171
EN8790,FRA,PUY,14:55,E90,95
EN8791,PUY,FRA,17:05,E90,94
EN8800,FRA,LIN,06:45,E95,404
EN8801,LIN,FRA,08:40,E95,404
EN8802,FRA,LIN,15:20,E95,375
EN8803,LIN,FRA,17:20,E95,377
EN8804,FRA,LIN,10:30,E90,177
EN8805,LIN,FRA,12:45,E90,177
EN8806,FRA,LIN,14:20,E95,221
EN8807,LIN,FRA,16:15,E95,219
EN8810,FRA,MXP,10:35,E95,416
EN8811,MXP,FRA,12:35,E95,416
EN8812,FRA,MXP,15:40,E90,125
EN8813,MXP,FRA,17:15,E90,125
EN8816,FRA,MXP,19:50,E90,416
EN8817,MXP,FRA,05:55,E90,413
EN8818,FRA,TRS,10:40,E90,384
EN8819,TRS,FRA,12:45,E90,386
EN8820,FRA,TRS,19:00,E90,324
EN8821,TRS,FRA,04:30,E90,325
EN8823,VRN,FRA,04:30,E95,423
EN8826,FRA,VRN,10:20,E90,424
EN8827,VRN,FRA,12:25,E90,424
EN8828,FRA,VRN,16:20,E90,27
EN8830,FRA,VRN,19:10,E95,395
EN8842,FRA,TRN,07:40,E95,52
EN8843,TRN,FRA,09:45,E95,52
EN8844,FRA,TRN,10:20,E95,389
EN8845,TRN,FRA,12:20,E95,390
EN8848,FRA,TRN,15:00,E95,233
EN8849,TRN,FRA,17:00,E95,229
EN8850,FRA,TRN,20:55,E95,240
EN8851,TRN,FRA,04:00,E95,243
EN8852,FRA,FLR,06:00,E95,370
EN8853,FLR,FRA,08:20,E95,368
EN8854,FRA,FLR,10:25,E95,409
EN8855,FLR,FRA,12:45,E95,383
EN8856,FRA,FLR,09:20,E90,234
EN8857,FLR,FRA,11:40,E90,233
EN8858,FRA,FLR,14:35,E95,375
EN8859,FLR,FRA,16:55,E95,220
EN8860,FRA,FLR,19:05,E95,239
EN8861,FLR,FRA,05:30,E95,420
EN8870,FRA,PSA,06:15,E90,239
EN8871,PSA,FRA,08:30,E90,236
EN8872,FRA,PSA,14:00,E90,225
EN8873,PSA,FRA,16:15,E90,223
EN8876,FRA,CAG,04:40,E90,29
EN8877,CAG,FRA,07:30,E90,29
EN8878,FRA,BLQ,06:30,E90,211
EN8879,BLQ,FRA,08:35,E90,207
EN8880,FRA,BLQ,10:40,E95,298
EN8881,BLQ,FRA,12:50,E95,299
EN8882,FRA,BLQ,15:50,E95,72
EN8883,BLQ,FRA,18:05,E95,73
EN8884,FRA,BLQ,20:05,E95,291
EN8885,BLQ,FRA,04:05,E95,290
EN8898,FRA,BIQ,14:00,E90,13
EN8899,BIQ,FRA,16:55,E90,13
EN8900,FRA,BOD,06:10,E90,74
EN8901,BOD,FRA,08:30,E90,74
EN8902,FRA,BOD,14:10,E90,228
EN8903,BOD,FRA,16:40,E90,227
EN8906,FRA,FSC,14:30,E95,24
EN8907,FSC,FRA,17:15,E95,24
EN8910,FRA,LYS,06:15,E95,298
EN8911,LYS,FRA,08:10,E95,299
EN8936,FRA,BHX,15:30,E90,48
EN8937,BHX,FRA,17:45,E90,48
EN8946,FRA,AMS,07:50,E90,151
EN8947,AMS,FRA,09:40,E90,156
EN8950,FRA,PRG,07:30,E95,81
EN8951,PRG,FRA,09:30,E95,82
EN8958,FRA,PRG,16:10,E95,91
EN8959,PRG,FRA,17:55,E95,91
EN9501,BTS,FRA,04:25,E90,21
EN9503,BTS,FRA,18:20,E95,1
EN9911,VRN,FRA,10:45,E95,4
EN9912,FLR,FRA,11:38,E95,1
EN9914,BLQ,FRA,15:00,E95,1
EO500,SXB,BCN,06:10,CNA,1
ET2707,FRA,ADD,18:05,350,1
ET706,ADD,FRA,21:05,350,414
ET707,FRA,ADD,20:05,350,425
ET8706,FRA,SFJ,05:55,350,3
ET8707,SFJ,FRA,12:55,350,3
EW1909,DTM,FRA,14:37,319,2
EW1910,FRA,DUS,18:00,319,2
EW5204,SZG,FRA,05:00,320,1
EW5205,FRA,SZG,08:45,320,1
EW5216,SZG,FRA,14:00,320,1
EW5217,FRA,SZG,15:50,320,1
EW6612,PRN,FRA,08:45,320,145
EW6613,FRA,PRN,12:05,320,136
EW6901,DUS,FRA,14:00,320,1
EW6902,FRA,DUS,17:55,320,1
EW6903,DUS,FRA,10:00,319,1
EW6904,FRA,DUS,14:00,319,1
EY010,FRA,AUH,04:55,350,1
EY041,AUH,AMS,10:05,350,424
EY042,AMS,AUH,20:00,350,419
EY043,AUH,AMS,22:25,321,30
EY044,AMS,AUH,08:25,321,30
EY061,AUH,FRA,22:40,388,1
EY0905,AUH,AMS,08:55,772,4
EY0906,AMS,AUH,18:00,772,4
EY0913,AUH,AMS,07:15,772,59
EY0914,AMS,AUH,16:50,772,59
EY0917,AUH,AMS,09:30,772,159
EY0918,AMS,AUH,09:40,772,213
EY0957,NBO,AMS,22:25,772,56
EY121,AUH,FRA,22:10,787,410
EY122,FRA,AUH,09:20,787,422
EY123,AUH,FRA,10:20,787,411
EY124,FRA,AUH,20:00,787,406
EY901,AUH,FRA,22:35,77L,13
EY902,FRA,AUH,07:30,77L,12
EY915,AUH,FRA,04:40,77L,127
EY916,FRA,AUH,13:15,77L,119
EY920,FRA,CDG,06:50,77L,1
EY945,AUH,FRA,21:55,77L,40
EY946,FRA,AUH,06:40,77L,40
EY9654,AUH,AMS,14:50,77L,1
F36542,JED,AMS,02:25,332,1
F36543,AMS,JED,11:45,332,1
F37542,MED,AMS,03:30,332,1
FB237,VAR,FRA,13:40,220,12
FB238,FRA,VAR,17:20,220,11
FB437,SOF,FRA,12:40,220,162
FB438,FRA,SOF,16:10,220,157
FB461,SOF,AMS,04:00,220,423
FB462,AMS,SOF,08:15,220,390
FB463,SOF,AMS,13:00,319,1
FB464,AMS,SOF,17:45,220,1
FB9931,AMS,CMN,19:50,320,1
FB9932,SOF,AMS,02:20,320,1
FH334,AYT,AMS,13:42,320,1
FH340,AYT,AMS,15:28,320,1
FH713,AYT,AMS,05:30,320,2
FH714,AMS,AYT,10:00,320,2
FH763,AMS,AYT,12:00,320,1
FH972,AYT,AMS,13:15,320,1
FI500,KEF,AMS,07:40,73M,420
FI501,AMS,KEF,12:10,73M,415
FI504,KEF,AMS,16:10,73M,23
FI505,AMS,KEF,20:25,73M,22
FI506,KEF,AMS,10:30,73M,286
FI507,AMS,KEF,14:50,73M,287
FI520,KEF,FRA,07:20,73M,421
FI5205,AMS,KEF,20:00,73M,1
FI521,FRA,KEF,12:00,73M,418
FI522,KEF,FRA,10:30,73M,107
FI523,FRA,KEF,15:10,73M,107
FI524,KEF,FRA,00:25,73M,65
FI525,FRA,KEF,05:05,73M,64
FR2334,AGP,AMS,13:35,73M,338
FR2335,AMS,AGP,19:00,73M,324
FR3006,DUB,AMS,14:15,738,424
FR3007,AMS,DUB,16:30,738,419
FR3100,DUB,AMS,17:10,738,425
FR3101,AMS,DUB,08:10,738,419
FR3102,DUB,AMS,09:30,738,371
FR3103,AMS,DUB,12:05,738,363
FR3700,AMS,DUB,19:20,73M,1
FR420,DUB,AMS,16:45,738,425
FR421,AMS,DUB,08:20,738,417
FR515,BVA,AMS,19:30,73M,1
FR5298,DUB,AMS,18:25,738,52
FR5299,AMS,DUB,15:20,738,51
FR5505,DUB,AMS,16:20,738,25
FR5506,AMS,DUB,18:25,738,25
FR5691,AGP,AMS,14:20,73M,62
FR5692,AMS,AGP,18:45,73M,60
FR5868,ZAG,AMS,05:49,320,1
FR6003,DUB,AMS,14:50,73M,1
FR7526,ALC,AMS,07:00,73M,1
FR9634,AMS,AGP,17:25,738,1
FR9635,DUB,AMS,14:25,73M,1
FR9636,AMS,DUB,18:50,73M,1
FR9640,DUB,AMS,10:00,73M,1
FX003,FRA,MEM,15:48,77L,349
FX033,FRA,CDG,20:35,763,57
FX034,STN,FRA,18:37,77L,42
FX036,FRA,CDG,20:35,763,169
FX4033,FRA,CDG,20:35,738,1
FX4036,FRA,CDG,20:35,738,1
FX4233,CDG,FRA,17:10,738,1
FX4235,CDG,AMS,02:00,738,238
FX4335,AMS,CDG,21:00,738,236
FX4999,CDG,FRA,17:00,738,1
FX5034,CDG,FRA,17:39,763,119
FX6092,CGN,FRA,15:29,77L,5
FX9036,CDG,FRA,18:30,77L,4
FX9233,CDG,FRA,17:16,763,57
GA001,YOW,AMS,00:30,77W,2
GA088,CGK,AMS,15:10,77W,133
GA089,AMS,CGK,10:05,77W,132
GF007,BAH,FRA,23:25,787,1
GF016,FRA,BAH,11:05,321,422
GF017,BAH,FRA,22:30,321,413
GQ0793,AMS,ATH,09:20,320,1
GQ1001,AMS,HER,10:55,320,1
GQ1500,RHO,AMS,06:40,320,8
GQ1501,AMS,RHO,11:40,320,7
GQ1710,HER,FRA,05:25,320,1
GQ1711,FRA,HER,10:19,320,1
GQ7100,ZTH,AMS,05:25,320,32
GQ7101,AMS,ZTH,09:50,320,29
GQ790,ATH,AMS,07:30,320,325
GQ791,AMS,ATH,12:10,320,312
GQ8250,HER,AMS,04:10,320,28
GQ8251,AMS,HER,08:50,320,23
GQ860,ATH,FRA,09:15,320,376
GQ861,FRA,ATH,13:25,320,367
GS1100,ZRH,PMI,09:30,320,2
GS1101,PMI,ZRH,12:10,320,3
GS1444,ZRH,HRG,04:30,320,3
GS1445,HRG,ZRH,09:42,320,3
GS1600,ZRH,PRN,03:45,320,3
GS1601,PRN,ZRH,06:35,320,3
GS1602,ZRH,PRN,15:15,320,3
GS1603,PRN,ZRH,16:45,320,3
GS1630,ZRH,SKP,14:55,319,3
GS1631,SKP,ZRH,07:37,319,3
GS1638,ZRH,OHD,03:45,320,1
GS1639,OHD,ZRH,06:25,320,1
GS1800,ZRH,HER,05:40,319,2
GS1801,HER,ZRH,09:20,319,2
GS1804,ZRH,KGS,12:00,319,1
GS1805,KGS,ZRH,15:26,319,1
GS1890,ZRH,LCA,04:30,319,1
GS1891,LCA,ZRH,09:15,319,1
H3090,AMS,PRG,09:30,321,1
H7401,RMO,FRA,10:00,738,129
H7402,FRA,RMO,13:30,738,126
HH491,TAS,FRA,04:40,321,9
HH492,FRA,TAS,12:55,321,7
HI1065,YYT,SNN,06:00,CNA,3
HI985,YYT,SNN,10:25,CNA,2
HN414,IST,KUN,09:00,320,1
HU489,FRA,BER,08:40,333,2
HV041,AMS,SNN,06:00,738,16
HV042,SNN,AMS,09:30,738,16
HV051,AMS,PRG,06:30,738,35
HV052,PRG,AMS,12:00,738,48
HV053,AMS,PRG,03:35,738,10
HV054,PRG,AMS,10:00,738,11
HV055,AMS,EGSY,05:00,738,3
HV056,BOD,AMS,13:00,321,1
HV058,KTT,AMS,15:30,321,2
HV059,AMS,LFBF,05:10,738,1
HV071,AMS,RTM,12:20,321,25
HV072,RTM,AMS,14:00,738,25
HV073,AMS,EIN,04:15,738,9
HV074,VNO,AMS,01:00,320,5
HV075,AMS,EIN,04:05,738,7
HV076,OST,AMS,12:35,738,3
HV077,AMS,RJK,12:35,738,3
HV078,EIN,AMS,06:05,738,3
HV079,AMS,EIN,10:35,738,3
HV080,ZAG,AMS,06:00,738,1
HV081,AMS,EIN,08:15,738,84
HV082,EIN,AMS,06:00,738,66
HV083,AMS,RTM,12:15,738,29
HV084,RTM,AMS,19:45,738,24
HV085,AMS,RTM,03:40,738,12
HV087,AMS,EIN,16:00,738,24
HV088,EIN,AMS,10:45,738,20
HV089,AMS,RTM,06:00,738,13
HV090,MST,AMS,07:40,321,1
HV091,AMS,FRA,07:10,738,50
HV092,FRA,AMS,13:05,738,46
HV093,AMS,BRU,04:00,738,11
HV094,RTM,AMS,14:00,738,14
HV095,AMS,BRU,04:10,738,9
HV096,KTT,AMS,08:50,738,7
HV097,AMS,ATH,04:00,738,1
HV098,GRQ,AMS,09:00,738,6
HV099,AMS,GRQ,07:55,738,6
HV1015,AMS,LPA,12:05,738,9
HV1016,LPA,AMS,17:35,738,9
HV1041,AMS,AOK,04:25,738,25
HV1042,AOK,AMS,08:45,738,23
HV105,AMS,AEY,06:10,738,27
HV106,AEY,AMS,11:20,738,27
HV1095,AMS,AYT,04:05,738,6
HV1096,AYT,AMS,07:40,738,6
HV1123,AMS,HER,03:35,738,8
HV1124,HER,AMS,07:50,738,8
HV1205,AMS,ZTH,03:20,738,13
HV1206,ZTH,AMS,07:15,738,14
HV121,AMS,RVN,04:55,738,19
HV122,RVN,AMS,08:45,738,19
HV131,AMS,SCR,06:20,738,18
HV132,SCR,AMS,14:20,738,17
HV1327,PVK,AMS,13:55,738,21
HV134,SCR,AMS,11:10,738,1
HV1445,AMS,HRG,12:00,738,55
HV1446,HRG,AMS,17:55,738,53
HV151,AMS,DLM,03:00,738,19
HV152,DLM,AMS,07:30,738,19
HV1527,AMS,AOK,04:40,738,25
HV1528,AOK,AMS,09:00,738,24
HV153,AMS,BJV,14:30,321,18
HV1539,AMS,EFL,03:05,738,25
HV154,BJV,AMS,19:00,321,18
HV1540,EFL,AMS,06:50,738,23
HV1541,AMS,ZTH,03:55,738,19
HV1542,ZTH,AMS,07:55,738,19
HV155,AMS,BJV,15:40,321,9
HV156,BJV,AMS,20:10,321,9
HV157,AMS,DLM,03:10,738,8
HV1573,AMS,HER,03:15,738,15
HV1574,HER,AMS,07:30,738,15
HV158,DLM,AMS,07:28,738,8
HV1583,AMS,EFL,14:50,738,13
HV1584,EFL,AMS,18:35,738,12
HV1615,AMS,SMI,03:30,738,24
HV1616,SMI,AMS,07:40,738,25
HV1621,AMS,ZTH,02:05,738,8
HV1622,ZTH,AMS,05:40,738,8
HV1729,AMS,ZTH,03:00,738,9
HV173,AMS,AYT,13:25,321,13
HV1730,ZTH,AMS,06:55,738,9
HV174,AYT,AMS,18:05,321,13
HV175,AMS,AYT,14:15,321,8
HV176,AYT,AMS,19:45,321,8
HV1833,AMS,KGS,03:05,738,3
HV1834,KGS,AMS,07:05,738,3
HV1862,SMI,AMS,08:05,738,2
HV1903,AMS,RMF,12:00,738,28
HV1904,RMF,AMS,18:05,738,28
HV193,AMS,RMF,12:00,738,2
HV194,RMF,AMS,18:05,738,2
HV1965,XFW,AMS,12:00,321,1
HV207,AMS,KTT,04:00,738,20
HV208,KTT,AMS,08:15,738,21
HV211,AMS,BJV,13:00,738,19
HV212,BJV,AMS,17:25,738,19
HV247,AMS,KGS,14:40,738,9
HV248,KGS,AMS,19:05,738,8
HV3001,AMS,OPO,09:30,738,1
HV3002,OPO,AMS,12:50,738,1
HV3042,KGS,AMS,13:12,738,1
HV3064,TFS,AMS,18:42,738,1
HV3084,ZTH,AMS,19:30,321,1
HV3092,ZTH,AMS,10:35,321,2
HV3093,AMS,ZTH,15:15,738,1
HV3094,ZTH,AMS,18:40,738,1
HV3095,AMS,ZTH,13:25,321,1
HV3112,AGP,AMS,12:55,321,1
HV3118,AGP,AMS,12:28,738,1
HV3126,TIA,AMS,13:34,321,1
HV3134,HRG,AMS,16:30,321,1
HV3136,BCN,AMS,15:00,738,3
HV3230,ACE,AMS,18:25,738,1
HV3308,VIE,AMS,21:00,738,1
HV3316,LCA,AMS,12:00,738,1
HV3336,SSH,AMS,16:30,321,1
HV3338,VLC,AMS,16:30,321,1
HV3357,AMS,FAO,10:25,321,2
HV3358,FAO,AMS,11:00,321,2
HV3359,AMS,FAO,13:50,738,1
HV3360,FAO,AMS,17:50,738,1
HV3412,NAP,AMS,18:30,738,1
HV3423,AMS,PDL,04:10,321,2
HV3424,PDL,AMS,10:03,738,3
HV3514,FAO,AMS,12:20,738,1
HV3517,AMS,PFO,10:00,738,1
HV3518,PFO,AMS,14:40,738,1
HV3522,LPA,AMS,11:30,738,1
HV355,AMS,BJV,15:40,321,8
HV3558,RMF,AMS,22:30,321,1
HV356,BJV,AMS,20:10,321,8
HV3616,SMI,AMS,05:55,738,1
HV3629,AMS,FNC,03:45,321,1
HV3630,FNC,AMS,09:16,321,3
HV3631,AMS,FNC,08:30,738,1
HV3632,FNC,AMS,13:15,738,2
HV3642,TFS,AMS,14:42,321,1
HV3662,LPA,AMS,19:00,320,1
HV3666,LPA,AMS,11:55,738,1
HV3674,TFS,AMS,09:10,321,1
HV3706,FUE,AMS,12:55,321,1
HV3730,SVQ,AMS,09:53,738,1
HV3738,KLX,AMS,07:59,321,1
HV375,AMS,AYT,04:10,321,1
HV3759,AMS,RAK,07:30,738,1
HV376,AYT,AMS,09:15,321,1
HV3760,RAK,AMS,11:40,738,1
HV3761,AMS,GRO,10:00,738,1
HV3762,GRO,AMS,13:01,738,1
HV3787,AMS,BCN,06:30,321,2
HV3788,CHQ,AMS,10:35,738,1
HV3792,PVK,AMS,11:14,738,1
HV3808,TIA,AMS,12:06,738,1
HV3809,AMS,SKG,08:15,738,1
HV3810,SKG,AMS,12:12,738,1
HV3820,BRI,AMS,19:00,738,1
HV3842,KGS,AMS,13:34,738,1
HV3872,HER,AMS,04:15,738,1
HV3874,HER,AMS,08:20,321,1
HV3886,KEF,AMS,11:30,738,3
HV3888,KEF,AMS,16:50,738,1
HV3932,GRX,AMS,13:30,738,1
HV3935,AMS,TIA,07:35,321,1
HV3936,TIA,AMS,11:00,321,1
HV403,AMS,DLM,03:00,738,28
HV404,DLM,AMS,07:30,738,26
HV407,AMS,KAO,05:00,738,30
HV408,KAO,AMS,09:05,738,8
HV411,AMS,PMI,05:00,738,1
HV412,PMI,AMS,08:25,738,1
HV487,AMS,DLM,13:25,738,28
HV488,DLM,AMS,17:55,738,27
HV5008,DBV,AMS,20:20,738,1
HV5011,AMS,AYT,04:55,321,16
HV5012,AYT,AMS,08:15,321,17
HV5022,AGP,AMS,09:40,320,2
HV5026,AGP,AMS,19:25,320,1
HV5041,AMS,KGS,03:35,321,105
HV5042,KGS,AMS,08:00,321,106
HV5043,AMS,KGS,04:50,321,46
HV5044,KGS,AMS,09:10,321,50
HV5045,AMS,KGS,04:50,321,9
HV5046,KGS,AMS,09:10,321,9
HV5047,AMS,KGS,13:10,321,9
HV5048,KGS,AMS,17:30,321,9
HV5052,ALC,AMS,20:21,738,1
HV5054,ALC,AMS,19:50,738,2
HV5056,ALC,AMS,07:30,738,1
HV5068,GRO,AMS,21:15,738,1
HV5071,AMS,TOS,04:40,738,70
HV5072,TOS,AMS,08:40,738,70
HV5073,AMS,ZTH,03:00,321,4
HV5074,ZTH,AMS,06:55,321,4
HV5075,AMS,RHO,14:55,321,5
HV5076,RHO,AMS,19:25,321,5
HV5077,AMS,RHO,03:10,321,63
HV5078,RHO,AMS,18:15,321,62
HV5079,AMS,RHO,11:55,321,99
HV5080,RHO,AMS,09:45,321,99
HV5091,AMS,ZTH,13:45,321,53
HV5092,ZTH,AMS,07:30,321,50
HV5093,AMS,ZTH,04:15,738,128
HV5094,ZTH,AMS,18:00,738,129
HV5095,AMS,ZTH,14:50,321,45
HV5096,ZTH,AMS,18:50,321,47
HV5097,AMS,ZTH,04:05,321,12
HV5098,ZTH,AMS,08:05,321,12
HV5099,AMS,ZTH,02:05,321,9
HV5100,ZTH,AMS,07:00,321,9
HV5105,AMS,VLC,07:05,321,1
HV5108,VLC,AMS,20:10,738,2
HV5125,AMS,TIA,14:40,738,96
HV5126,TIA,AMS,18:15,738,97
HV5131,AMS,BCN,04:00,738,353
HV5132,BCN,AMS,06:55,738,355
HV5133,AMS,BCN,13:40,738,206
HV5134,BCN,AMS,16:45,738,202
HV5135,AMS,BCN,10:20,738,166
HV5136,BCN,AMS,13:25,738,171
HV5139,AMS,BCN,11:30,738,33
HV5140,BCN,AMS,20:30,738,33
HV5145,AMS,KGS,03:00,738,51
HV5146,KGS,AMS,07:20,738,51
HV5161,AMS,CAI,05:40,738,10
HV5162,CAI,AMS,11:15,738,10
HV5163,AMS,RIX,06:20,738,9
HV5164,RIX,AMS,09:25,738,9
HV5213,AMS,CTA,14:45,738,12
HV5214,CTA,AMS,18:20,738,13
HV5215,AMS,CTA,04:25,738,126
HV5216,CTA,AMS,08:05,738,128
HV5217,AMS,CTA,15:15,738,121
HV5218,CTA,AMS,18:55,738,125
HV5221,AMS,CAI,06:30,738,51
HV5222,CAI,AMS,12:05,738,50
HV5223,AMS,AHO,15:35,738,4
HV5224,AHO,AMS,18:10,738,4
HV5225,AMS,HRG,06:35,321,76
HV5226,HRG,AMS,12:30,321,76
HV5227,AMS,HRG,12:05,738,27
HV5228,HRG,AMS,17:55,738,27
HV5229,AMS,ACE,04:15,738,6
HV5230,ACE,AMS,09:40,738,5
HV5231,AMS,PMO,03:00,738,9
HV5232,PMO,AMS,06:20,738,9
HV5234,PRG,AMS,08:00,738,3
HV5235,AMS,PRG,07:00,738,1
HV5243,AMS,LIS,14:20,738,1
HV5244,LIS,AMS,18:25,738,4
HV5305,AMS,CFU,17:35,738,7
HV5306,CFU,AMS,21:05,738,8
HV5311,AMS,CFU,03:30,738,58
HV5312,CFU,AMS,07:20,738,59
HV5313,AMS,LCA,04:15,321,145
HV5314,LCA,AMS,09:25,321,149
HV5315,AMS,LCA,05:30,738,41
HV5316,LCA,AMS,10:40,738,44
HV5335,AMS,SSH,08:10,738,35
HV5336,SSH,AMS,14:05,738,36
HV5337,AMS,SSH,12:10,321,16
HV5338,SSH,AMS,18:05,738,15
HV5351,AMS,FAO,15:00,321,81
HV5352,FAO,AMS,19:00,321,84
HV5353,AMS,FAO,05:00,738,126
HV5354,FAO,AMS,09:00,738,123
HV5355,AMS,FAO,05:20,321,215
HV5356,FAO,AMS,09:15,321,216
HV5357,AMS,FAO,15:00,321,169
HV5358,FAO,AMS,18:55,321,168
HV5359,AMS,FAO,15:20,321,96
HV5360,FAO,AMS,19:20,321,97
HV5361,AMS,FAO,03:00,738,80
HV5362,FAO,AMS,20:45,738,80
HV5401,AMS,KGS,06:50,738,12
HV5402,KGS,AMS,19:40,738,12
HV5412,ZTH,AMS,08:35,321,1
HV5421,AMS,PSA,10:35,738,37
HV5422,PSA,AMS,20:10,738,37
HV5423,AMS,PSA,10:10,738,165
HV5424,PSA,AMS,12:50,738,170
HV5425,AMS,PSA,17:25,738,99
HV5426,PSA,AMS,20:05,738,101
HV5427,AMS,PSA,17:10,738,80
HV5428,PSA,AMS,19:35,738,80
HV545,AMS,KTT,05:05,738,18
HV546,KTT,AMS,09:30,738,19
HV5461,AMS,VRN,04:55,738,80
HV5462,VRN,AMS,13:55,738,80
HV5463,AMS,VRN,04:55,738,20
HV5464,VRN,AMS,14:55,738,21
HV5465,AMS,VRN,05:00,738,142
HV5466,VRN,AMS,07:05,738,145
HV5467,AMS,VRN,17:35,738,38
HV5468,VRN,AMS,14:10,738,39
HV5471,AMS,MAH,03:30,738,77
HV5472,MAH,AMS,06:55,738,80
HV5473,AMS,MAH,11:00,738,4
HV5474,MAH,AMS,14:10,738,4
HV5517,AMS,PFO,12:20,321,92
HV5518,PFO,AMS,10:05,321,95
HV5519,AMS,PFO,03:20,321,32
HV5520,PFO,AMS,08:20,321,31
HV557,AMS,RMF,10:05,738,15
HV558,RMF,AMS,16:10,738,15
HV5581,AMS,NCE,04:05,738,28
HV5582,NCE,AMS,13:40,738,28
HV5583,AMS,NCE,17:20,321,18
HV5584,NCE,AMS,20:05,738,19
HV5585,AMS,NCE,17:10,738,40
HV5586,NCE,AMS,19:55,738,46
HV5587,AMS,NCE,17:35,738,26
HV5588,NCE,AMS,20:20,738,26
HV5591,RTM,AMS,05:30,738,1
HV5592,AHU,AMS,19:50,320,1
HV5594,AHU,AMS,19:30,320,1
HV5617,AMS,BRI,16:55,738,19
HV5618,BRI,AMS,20:10,738,19
HV5619,AMS,BRI,15:30,321,14
HV5620,BRI,AMS,18:45,321,15
HV5621,AMS,PMI,04:45,738,76
HV5622,PMI,AMS,14:00,738,77
HV5623,AMS,PMI,06:10,738,112
HV5624,PMI,AMS,09:25,738,116
HV5625,AMS,PMI,04:10,738,79
HV5626,PMI,AMS,13:40,738,80
HV5627,AMS,PMI,03:45,738,87
HV5628,PMI,AMS,06:50,738,88
HV5629,AMS,PMI,04:00,738,89
HV5630,PMI,AMS,13:45,738,88
HV5631,AMS,PMI,04:40,738,39
HV5632,PMI,AMS,20:30,738,43
HV5635,AMS,SMI,04:55,738,28
HV5636,SMI,AMS,09:05,738,28
HV5641,AMS,SPC,12:35,738,62
HV5642,SPC,AMS,10:35,738,60
HV5651,AMS,AOK,04:25,321,9
HV5652,AOK,AMS,09:05,321,9
HV5661,AMS,LPA,12:40,321,113
HV5662,LPA,AMS,18:50,321,112
HV5663,AMS,LPA,12:35,321,136
HV5664,LPA,AMS,18:10,321,135
HV5665,AMS,LPA,12:30,321,132
HV5666,LPA,AMS,18:05,321,133
HV5671,AMS,IBZ,03:30,738,152
HV5672,IBZ,AMS,06:50,738,155
HV5673,AMS,IBZ,04:00,738,137
HV5674,IBZ,AMS,13:40,738,138
HV5675,AMS,IBZ,03:50,738,168
HV5676,IBZ,AMS,07:10,738,170
HV5677,AMS,IBZ,10:05,321,30
HV5678,IBZ,AMS,13:25,321,29
HV5679,AMS,IBZ,10:20,738,100
HV5680,IBZ,AMS,20:30,738,99
HV5683,AMS,ACE,11:05,738,63
HV5684,ACE,AMS,10:05,738,63
HV5685,AMS,ACE,05:35,738,142
HV5686,ACE,AMS,10:25,738,143
HV5695,AMS,SMI,04:05,738,97
HV5696,SMI,AMS,08:15,738,99
HV5715,AMS,RBA,03:20,738,5
HV5716,RBA,AMS,07:40,738,5
HV5717,AMS,RBA,04:25,321,35
HV5718,RBA,AMS,08:45,321,35
HV5719,AMS,RBA,15:05,738,4
HV5720,RBA,AMS,19:13,738,4
HV5721,AMS,HER,03:30,321,4
HV5722,HER,AMS,07:50,321,4
HV5723,AMS,HER,04:30,738,62
HV5724,HER,AMS,18:40,738,61
HV5745,AMS,CMN,13:30,738,25
HV5746,CMN,AMS,18:00,738,24
HV5747,AMS,CMN,07:55,738,76
HV5748,CMN,AMS,12:30,738,76
HV5749,AMS,CMN,08:15,738,108
HV5750,CMN,AMS,12:45,738,107
HV5751,AMS,RAK,14:50,321,170
HV5752,RAK,AMS,19:30,321,170
HV5753,AMS,RAK,14:20,321,188
HV5754,RAK,AMS,19:00,321,188
HV5755,AMS,RAK,03:25,321,71
HV5756,RAK,AMS,08:45,321,71
HV5757,AMS,RAK,13:45,321,31
HV5758,RAK,AMS,18:30,321,33
HV5759,AMS,RAK,12:45,321,102
HV5760,RAK,AMS,17:30,321,102
HV5761,AMS,GRO,17:40,738,27
HV5762,GRO,AMS,20:20,738,27
HV5763,AMS,GRO,10:15,738,78
HV5764,GRO,AMS,06:15,738,75
HV5765,AMS,GRO,03:20,738,74
HV5766,GRO,AMS,06:05,738,74
HV5767,AMS,GRO,04:20,321,17
HV5768,GRO,AMS,07:05,321,17
HV5785,AMS,CHQ,15:25,321,6
HV5786,CHQ,AMS,19:45,321,8
HV5787,AMS,CHQ,15:10,738,30
HV5788,CHQ,AMS,19:35,738,32
HV5791,AMS,PVK,03:10,321,185
HV5792,PVK,AMS,06:55,321,183
HV5793,AMS,PVK,03:00,321,42
HV5794,PVK,AMS,18:10,321,44
HV5801,AMS,SKG,14:40,738,5
HV5802,SKG,AMS,20:20,738,5
HV5805,AMS,SKG,08:00,321,172
HV5806,SKG,AMS,20:10,321,173
HV5807,AMS,SKG,08:00,738,236
HV5808,SKG,AMS,11:40,738,241
HV5809,AMS,SKG,10:10,738,61
HV5810,SKG,AMS,13:50,738,64
HV5815,AMS,BRI,05:00,321,3
HV5816,BRI,AMS,08:15,321,3
HV5817,AMS,BRI,11:05,321,43
HV5818,BRI,AMS,08:20,321,43
HV5819,AMS,BRI,17:10,738,160
HV5820,BRI,AMS,07:40,738,161
HV5821,AMS,BRI,03:20,738,126
HV5822,BRI,AMS,06:40,738,128
HV5823,AMS,BRI,15:25,321,4
HV5824,BRI,AMS,18:40,321,4
HV5862,OSL,AMS,20:30,738,2
HV5873,AMS,SPU,17:20,738,68
HV5874,SPU,AMS,20:15,738,68
HV5885,AMS,CHQ,03:35,321,22
HV5886,CHQ,AMS,07:55,321,24
HV5887,AMS,CHQ,04:30,321,75
HV5888,CHQ,AMS,08:50,321,78
HV5889,AMS,CHQ,13:20,321,4
HV5890,CHQ,AMS,17:40,321,4
HV5909,AMS,HER,16:50,738,1
HV5910,HER,AMS,21:15,738,1
HV5919,AMS,HER,03:00,738,29
HV5920,HER,AMS,07:15,738,31
HV5931,AMS,GRX,14:35,321,156
HV5932,GRX,AMS,18:20,321,155
HV5933,AMS,GRX,04:15,738,11
HV5934,GRX,AMS,08:40,738,11
HV5951,AMS,LIS,15:40,321,223
HV5952,LIS,AMS,19:35,321,225
HV5953,AMS,LIS,04:30,321,86
HV5954,LIS,AMS,08:20,321,86
HV5955,AMS,LIS,07:05,321,138
HV5956,LIS,AMS,11:00,321,142
HV5957,AMS,LIS,11:00,738,38
HV5958,LIS,AMS,11:00,738,37
HV5959,AMS,LIS,15:05,321,27
HV5960,LIS,AMS,19:00,321,28
HV6001,AMS,OPO,06:20,738,214
HV6002,OPO,AMS,09:55,738,220
HV6003,AMS,OPO,04:20,738,173
HV6004,OPO,AMS,20:20,738,175
HV6005,AMS,SZG,05:45,738,74
HV6006,SZG,AMS,08:05,738,74
HV6007,AMS,OPO,04:40,738,80
HV6008,OPO,AMS,08:20,738,85
HV6021,AMS,MJT,03:30,321,4
HV6022,MJT,AMS,07:35,321,4
HV603,AMS,BJV,13:55,738,10
HV604,BJV,AMS,18:20,738,9
HV605,AMS,BJV,14:30,738,5
HV606,BJV,AMS,18:55,738,7
HV6064,BCN,AMS,19:50,738,2
HV6083,AMS,ZTH,03:20,321,44
HV6084,ZTH,AMS,07:15,321,45
HV6109,AMS,AGP,07:00,738,135
HV6110,AGP,AMS,10:55,738,137
HV6111,AMS,AGP,05:20,321,26
HV6112,AGP,AMS,20:50,321,24
HV6113,AMS,AGP,09:00,738,78
HV6114,AGP,AMS,08:00,738,80
HV6115,AMS,AGP,05:40,321,373
HV6116,AGP,AMS,09:40,321,375
HV6117,AMS,AGP,15:25,321,257
HV6118,AGP,AMS,19:25,321,258
HV6119,AMS,AGP,14:15,321,101
HV6120,AGP,AMS,18:30,321,102
HV6123,AMS,AGP,13:10,738,35
HV6124,AGP,AMS,09:05,738,36
HV6125,AMS,AGP,03:25,738,4
HV6126,AGP,AMS,07:20,738,4
HV6133,AMS,HRG,12:35,321,12
HV6134,HRG,AMS,18:30,321,12
HV6141,AMS,ALC,04:45,321,108
HV6142,ALC,AMS,08:15,321,109
HV6143,AMS,ALC,05:45,738,339
HV6144,ALC,AMS,08:25,738,339
HV6145,AMS,ALC,14:15,738,291
HV6146,ALC,AMS,17:50,738,294
HV6147,AMS,ALC,09:50,738,102
HV6148,ALC,AMS,20:10,738,107
HV6149,AMS,ALC,16:10,738,141
HV6150,ALC,AMS,19:00,738,144
HV6151,AMS,ALC,09:50,738,67
HV6152,ALC,AMS,13:20,738,66
HV6153,AMS,ALC,04:00,738,36
HV6154,ALC,AMS,21:45,738,37
HV6155,AMS,ALC,03:00,738,9
HV6156,ALC,AMS,06:30,738,9
HV6181,AMS,TFS,12:40,321,18
HV6182,TFS,AMS,10:00,321,17
HV6183,AMS,TFS,04:15,321,16
HV6184,TFS,AMS,09:42,321,17
HV6204,LIS,AMS,21:00,738,1
HV6216,TFS,AMS,16:30,738,3
HV6223,AMS,AGP,03:00,321,127
HV6224,AGP,AMS,18:05,321,126
HV6227,AMS,AGP,17:40,738,9
HV6228,AGP,AMS,00:00,738,10
HV6260,SPU,AMS,21:50,738,1
HV6307,AMS,BEY,05:55,321,42
HV6308,BEY,AMS,11:20,321,40
HV6323,AMS,OUD,13:20,738,9
HV6324,OUD,AMS,17:05,738,9
HV6331,AMS,VLC,05:40,738,238
HV6332,VLC,AMS,08:55,738,241
HV6333,AMS,VLC,10:20,738,92
HV6334,VLC,AMS,19:35,738,93
HV6335,AMS,VLC,04:00,738,164
HV6336,VLC,AMS,19:20,738,166
HV6337,AMS,VLC,11:00,738,163
HV6338,VLC,AMS,20:20,738,160
HV6339,AMS,VLC,03:55,738,9
HV6340,VLC,AMS,08:25,738,9
HV6341,AMS,IBZ,03:05,738,76
HV6342,IBZ,AMS,21:15,738,76
HV6351,AMS,JSI,04:10,738,4
HV6366,LPA,AMS,17:45,738,2
HV6409,AMS,NAP,03:50,321,86
HV6410,NAP,AMS,07:05,321,86
HV6411,AMS,NAP,10:55,738,214
HV6412,NAP,AMS,14:10,738,222
HV6413,AMS,NAP,06:10,738,53
HV6414,NAP,AMS,09:25,738,51
HV6415,AMS,NAP,17:20,321,4
HV6416,NAP,AMS,20:35,321,4
HV6421,AMS,PDL,04:05,321,4
HV6422,PDL,AMS,09:30,321,4
HV6423,AMS,PDL,13:20,738,58
HV6424,PDL,AMS,19:15,738,57
HV6453,AMS,LPA,13:05,321,21
HV6454,LPA,AMS,18:40,321,20
HV6455,AMS,LPA,05:20,321,36
HV6456,LPA,AMS,10:55,321,35
HV6457,AMS,LPA,04:10,321,66
HV6458,LPA,AMS,09:45,321,65
HV6463,AMS,JMK,04:00,738,64
HV6464,JMK,AMS,08:10,738,64
HV6491,AMS,AGA,12:05,738,150
HV6492,AGA,AMS,16:55,738,152
HV6493,AMS,AGA,13:00,321,14
HV6494,AGA,AMS,17:55,321,14
HV6512,PMI,AMS,00:10,321,2
HV6513,VLC,AMS,17:35,738,1
HV6514,IBZ,AMS,23:41,738,1
HV6521,AMS,LPA,04:10,321,51
HV6522,LPA,AMS,09:45,321,51
HV6557,AMS,RMF,10:05,321,16
HV6558,RMF,AMS,16:10,321,17
HV6563,AMS,EFL,04:45,321,48
HV6564,EFL,AMS,08:35,321,49
HV6591,AMS,SZG,06:15,738,158
HV6592,SZG,AMS,12:40,738,162
HV6593,AMS,SZG,04:55,738,31
HV6594,SZG,AMS,07:20,738,31
HV6595,AMS,SZG,11:25,738,7
HV6596,SZG,AMS,13:45,738,7
HV6597,AMS,CFU,03:40,738,63
HV6598,CFU,AMS,07:25,738,63
HV6601,AMS,INN,06:10,738,122
HV6602,INN,AMS,17:50,738,123
HV6603,AMS,INN,16:25,738,44
HV6604,INN,AMS,18:45,738,44
HV6605,AMS,INN,14:35,738,60
HV6606,INN,AMS,17:00,738,59
HV6607,AMS,FAO,07:00,738,1
HV6608,FAO,AMS,10:15,738,4
HV6609,AMS,INN,06:00,738,205
HV6610,INN,AMS,08:20,738,208
HV6619,AMS,HER,14:25,738,30
HV6620,HER,AMS,18:45,738,32
HV6624,ALC,AMS,09:25,738,1
HV6627,AMS,FNC,05:10,321,25
HV6628,FNC,AMS,10:10,321,26
HV6629,AMS,FNC,05:25,738,254
HV6630,FNC,AMS,10:20,738,255
HV6631,AMS,FNC,12:35,738,75
HV6632,FNC,AMS,17:30,738,75
HV6641,AMS,TBS,11:55,738,113
HV6642,TBS,AMS,17:50,738,111
HV6652,AGP,AMS,18:30,738,3
HV6654,AGP,AMS,18:30,738,3
HV6671,AMS,TFS,13:15,321,159
HV6672,TFS,AMS,18:55,321,161
HV6673,AMS,TFS,05:20,321,171
HV6674,TFS,AMS,11:00,321,166
HV6675,AMS,TFS,06:00,321,30
HV6676,TFS,AMS,11:40,321,29
HV6682,INN,AMS,08:25,738,1
HV6703,AMS,FUE,06:10,738,22
HV6704,FUE,AMS,11:35,738,21
HV6705,AMS,FUE,13:45,321,173
HV6706,FUE,AMS,19:10,321,170
HV6727,AMS,SVQ,06:20,321,203
HV6728,SVQ,AMS,09:50,321,206
HV6729,AMS,SVQ,14:35,321,204
HV6730,SVQ,AMS,08:40,321,206
HV6731,AMS,SVQ,05:05,321,70
HV6732,SVQ,AMS,07:25,321,73
HV6733,AMS,SVQ,16:35,321,68
HV6734,SVQ,AMS,20:20,321,67
HV6737,AMS,KLX,04:35,321,56
HV6738,KLX,AMS,08:40,321,57
HV6739,AMS,KLX,03:50,321,36
HV6740,KLX,AMS,07:55,321,36
HV6751,AMS,FAO,13:55,738,4
HV6752,FAO,AMS,17:55,738,4
HV6753,AMS,FAO,03:05,321,46
HV6754,FAO,AMS,19:10,321,46
HV6784,CFU,AMS,19:20,738,2
HV6788,BCN,AMS,18:45,738,4
HV6817,AMS,LJU,11:40,738,7
HV6818,LJU,AMS,14:10,738,7
HV6819,AMS,LJU,04:40,738,119
HV6820,LJU,AMS,07:10,738,119
HV6821,AMS,LJU,10:35,738,19
HV6822,LJU,AMS,13:05,738,20
HV6861,AMS,ATH,14:40,738,83
HV6862,ATH,AMS,18:50,738,87
HV6863,AMS,ATH,05:20,738,35
HV6864,ATH,AMS,09:25,738,36
HV6865,AMS,ATH,13:30,738,72
HV6866,ATH,AMS,17:40,738,73
HV6867,AMS,ATH,06:00,738,216
HV6868,ATH,AMS,18:35,738,220
HV6869,AMS,ATH,15:20,321,8
HV6870,ATH,AMS,19:35,321,9
HV6871,AMS,HER,04:40,738,111
HV6872,HER,AMS,08:45,738,113
HV6873,AMS,HER,05:05,738,104
HV6874,HER,AMS,09:10,738,104
HV6875,AMS,HER,14:30,738,72
HV6876,HER,AMS,08:40,738,75
HV6877,AMS,HER,14:55,321,65
HV6878,HER,AMS,18:40,321,65
HV6883,AMS,KEF,15:00,321,18
HV6884,KEF,AMS,19:00,321,18
HV6885,AMS,KEF,15:40,738,128
HV6886,KEF,AMS,20:05,738,125
HV6887,AMS,KEF,15:40,738,172
HV6888,KEF,AMS,20:05,738,168
HV6891,AMS,JTR,05:15,321,56
HV6892,JTR,AMS,09:35,321,56
HV6893,AMS,JTR,03:15,738,25
HV6894,JTR,AMS,07:10,738,25
HV6901,AMS,DXB,05:30,738,182
HV6902,DXB,AMS,13:30,738,127
HV6904,DXB,AMS,19:20,738,41
HV6906,DXB,AMS,19:20,738,14
HV6913,AMS,OLB,04:20,738,65
HV6914,OLB,AMS,07:30,738,65
HV6915,AMS,OLB,03:20,738,102
HV6916,OLB,AMS,06:20,738,104
HV6917,AMS,OLB,04:35,738,77
HV6918,OLB,AMS,07:15,738,78
HV6919,AMS,HER,13:45,738,34
HV6920,HER,AMS,18:05,738,34
HV6935,AMS,TIA,14:30,321,67
HV6936,TIA,AMS,18:10,321,67
HV6943,AMS,SKP,15:25,321,68
HV6944,SKP,AMS,19:00,321,68
HV6947,AMS,ALC,06:30,321,6
HV6948,ALC,AMS,10:05,321,6
HV6951,AMS,TFS,04:15,321,26
HV6952,TFS,AMS,09:55,321,25
HV6992,STN,AMS,20:25,738,1
HV7012,DBV,AMS,12:30,738,1
HV7021,AMS,CPH,06:30,738,1
HV7022,CPH,AMS,12:25,738,1
HV703,AMS,AYT,13:55,321,4
HV704,AYT,AMS,18:35,321,5
HV7043,AMS,CTA,04:30,738,1
HV7044,CTA,AMS,17:15,738,1
HV705,AMS,IVL,04:20,738,19
HV706,IVL,AMS,08:25,738,19
HV7075,AMS,LNZ,14:00,738,1
HV7101,FRA,RVN,09:30,738,1
HV7102,KTT,FRA,17:05,738,1
HV7103,FRA,KTT,09:30,738,1
HV7104,RVN,FRA,13:45,738,1
HV7105,FRA,RVN,09:30,738,1
HV7106,RVN,FRA,13:40,738,1
HV7107,FRA,RVN,10:15,738,1
HV7108,RVN,FRA,13:00,738,1
HV7187,AMS,HEL,13:00,738,1
HV7188,HEL,AMS,07:15,738,1
HV7305,ZAZ,FRA,16:00,738,1
HV7306,FRA,ZAZ,15:20,738,1
HV7341,AMS,IVL,07:45,738,1
HV7342,IVL,AMS,11:33,738,1
HV737,AMS,KAO,04:50,738,18
HV738,KAO,AMS,08:50,738,18
HV7441,AMS,GOT,06:05,738,1
HV7442,GOT,AMS,17:30,738,1
HV7443,AMS,GOT,06:00,738,1
HV7444,GOT,AMS,19:15,738,1
HV7717,AMS,RBA,07:05,321,1
HV7718,RBA,AMS,16:40,321,1
HV801,AMS,MJT,14:25,321,8
HV802,MJT,AMS,18:35,321,9
HV9004,ALC,AMS,18:25,738,1
HV9035,BRU,AMS,06:25,738,1
HV9062,TFS,AMS,18:40,738,1
HV915,AMS,KTT,04:10,738,11
HV916,KTT,AMS,08:35,738,11
HV923,AMS,AYT,13:40,321,9
HV924,AYT,AMS,18:20,321,9
HY231,UTTT,FRA,05:00,788,163
HY232,FRA,UTTT,09:40,788,155
HZ134,ZRH,HER,14:30,CNA,1
I21791,MAD,AMS,07:45,320,122
I21792,AMS,MAD,11:15,320,120
I21793,MAD,AMS,09:30,320,136
I21794,AMS,MAD,12:55,320,137
I21795,MAD,AMS,18:45,320,108
I21796,AMS,MAD,06:10,320,106
I21797,MAD,AMS,17:45,320,63
I21798,AMS,MAD,05:20,320,64
I22I2251,TBJ,FCO,12:35,AT5,2
I2321,BRI,BGY,12:10,AT7,2
IB0032,AMS,MAD,15:25,320,2
IB0034,AMS,MAD,10:15,320,1
IB0038,AMS,MAD,17:00,320,1
IB0155,MAD,BOG,22:50,350,1
IB036,AMS,MAD,11:20,321,1
IB0733,MAD,AMS,15:15,320,1
IB0734,AMS,MAD,18:55,320,1
IB0737,MAD,AMS,11:20,320,1
IB0738,AMS,MAD,14:50,320,1
IB0739,MAD,AMS,18:40,320,1
IB0740,AMS,MAD,06:10,320,1
IB1327,MAD,FRA,06:40,CR9,421
IB1328,FRA,MAD,10:10,CR9,417
IB1329,MAD,FRA,02:15,CR9,1
IB1330,FRA,MAD,20:20,CR9,1
IB1331,MAD,FRA,17:45,CR9,408
IB1332,FRA,MAD,04:30,CR9,408
IB1333,MAD,FRA,14:20,CR9,161
IB1334,FRA,MAD,17:45,CR9,155
IB1337,MAD,AMS,17:40,CR9,2
IB1338,AMS,MAD,05:20,CR9,2
IB1341,MAD,AMS,07:45,CR9,4
IB1342,AMS,MAD,10:10,CR9,4
IB1343,MAD,AMS,15:15,CR9,29
IB1344,AMS,MAD,18:55,CR9,29
IB1345,MAD,AMS,09:30,CR9,38
IB1346,AMS,MAD,13:00,CR9,38
IB1389,MAD,AMS,06:45,CR9,4
IB1390,AMS,MAD,10:10,CR9,3
IB1391,MAD,AMS,13:55,CR9,1
IB1392,AMS,MAD,17:20,CR9,1
IB731,MAD,AMS,06:45,320,276
IB732,AMS,MAD,10:05,320,274
IB733,MAD,AMS,14:00,320,276
IB734,AMS,MAD,17:15,320,272
IB737,MAD,AMS,09:35,320,229
IB738,AMS,MAD,12:55,320,225
IB739,MAD,AMS,17:40,320,266
IB740,AMS,MAD,05:20,320,262
IB765,MAD,FRA,15:10,320,230
IB766,FRA,MAD,18:35,320,230
IZ1513,TLV,AMS,09:55,332,2
IZ1514,AMS,TLV,18:15,332,1
IZ511,TLV,AMS,08:00,321,50
IZ512,AMS,TLV,17:00,321,37
IZ513,TLV,AMS,10:25,321,57
IZ514,AMS,TLV,17:00,321,54
IZ515,TLV,AMS,10:50,E95,1
IZ516,AMS,TLV,17:00,E95,1
IZ9515,TLV,AMS,10:25,321,1
IZ9516,AMS,TLV,17:00,321,1
JJ8078,GRU,AMS,21:00,787,25
JJ8079,AMS,GRU,11:10,787,22
JJ9543,FRA,GRU,20:00,77W,1
JL407,NRT,FRA,01:40,787,424
JL408,FRA,NRT,18:10,787,422
JU260,BEG,AMS,04:40,319,329
JU261,AMS,BEG,08:00,319,314
JU262,BEG,AMS,16:50,319,209
JU263,AMS,BEG,20:05,319,208
JU350,BEG,FRA,05:00,E90,366
JU351,FRA,BEG,07:50,E90,356
JU352,BEG,FRA,15:30,E90,344
JU353,FRA,BEG,18:20,E90,332
JU4260,BEG,AMS,12:15,319,1
JU4261,AMS,BEG,20:55,319,1
JU4351,FRA,BEG,14:30,E90,1
JU4352,BEG,FRA,12:39,319,1
JU4353,FRA,BEG,15:25,319,1
K4516,DFW,AMS,06:15,744,1
K49742,FFD,AMS,06:00,744,2
K49770,AMS,HKG,15:45,744,1
KC1372,FRA,NQZ,06:30,320,1
KC221,ALA,FRA,20:30,321,116
KC222,FRA,ALA,06:30,321,117
KC903,GUW,AMS,00:35,321,108
KC904,AMS,GUW,09:35,321,137
KC921,NQZ,FRA,07:10,321,341
KC922,FRA,NQZ,16:30,321,323
KC937,URA,FRA,04:50,320,62
KC938,FRA,URA,12:40,320,60
KC943,GUW,AMS,23:25,321,29
KE2442,GRU,AMS,00:35,788,1
KE2444,AMS,GMP,18:30,788,1
KE2945,ICN,FRA,21:40,77W,1
KE509,ICN,AMS,02:35,747,116
KE510,AMS,ICN,18:55,747,112
KE517,AMS,FRA,22:50,747,168
KE518,FRA,ICN,18:00,747,57
KE529,ICN,FRA,01:00,77L,49
KE530,FRA,ICN,16:25,77L,48
KE537,VIE,FRA,14:55,747,109
KE538,FRA,ICN,18:35,747,107
KE8509,ICN,AMS,22:50,747,1
KE8510,AMS,ICN,14:40,747,1
KE8517,FRA,AMS,16:00,77L,154
KE8518,AMS,ICN,19:30,772,53
KE8529,WAW,FRA,12:35,744,1
KE8530,FRA,ICN,16:50,744,1
KE8535,VIE,AMS,15:10,77L,4
KE8536,AMS,ICN,13:00,747,2
KE8537,VIE,FRA,15:50,747,11
KE8538,FRA,ICN,19:45,747,11
KE8539,ICN,FRA,00:25,77L,3
KE8540,FRA,ICN,16:45,77L,1
KE925,ICN,AMS,02:55,787,296
KE926,AMS,ICN,19:30,787,295
KE945,ICN,FRA,02:05,77W,205
KE946,FRA,ICN,18:30,77W,205
KE9517,FRA,AMS,14:55,747,3
KE9518,AMS,ICN,18:25,747,1
KE9946,FRA,ICN,13:30,77W,1
KJ775,VIE,FRA,06:25,744,61
KJ776,FRA,ICN,11:00,744,55
KJ793,STN,FRA,08:30,744,62
KJ794,FRA,ICN,12:05,744,57
KJ795,VIE,FRA,06:25,744,54
KJ796,FRA,ICN,10:00,744,53
KK620,FRA,AJR,10:15,320,5
KK621,AJR,FRA,14:00,320,7
KK640,FRA,AJR,12:15,320,7
KK641,AJR,FRA,16:00,320,5
KK670,FRA,AJR,10:15,320,6
KK671,AJR,FRA,17:50,320,7
KK7105,FAO,FRA,14:00,320,1
KK7110,FRA,LCA,12:00,320,1
KK7112,LCA,FRA,08:05,320,2
KK7150,FRA,CRA,14:00,320,1
KK7151,CRA,FRA,09:00,320,1
KK7250,FRA,POZ,15:30,320,1
KK7251,POZ,FRA,10:00,320,1
KK7306,FRA,ATH,05:10,320,1
KK7307,ATH,FRA,12:30,320,1
KK7314,FRA,ATH,06:00,320,1
KK7315,ATH,FRA,13:35,320,1
KK7316,FRA,ATH,06:00,320,1
KK7317,ATH,FRA,13:35,320,1
KK7322,FRA,ATH,06:00,320,1
KK7323,ATH,FRA,13:35,320,1
KK7950,FRA,MXP,07:15,320,1
KL0423,AMS,RUH,23:25,333,196
KL0425,AMS,RUH,23:25,333,311
KL0427,AMS,DXB,13:20,77W,365
KL0428,DXB,AMS,21:00,77W,357
KL0429,AMS,DXB,13:35,772,2
KL0430,DXB,AMS,08:00,772,2
KL0461,AMS,LCA,20:10,739,120
KL0462,TLV,AMS,03:15,739,117
KL0508,CPT,AMS,21:20,77W,1
KL0519,AMS,DAR,20:30,787,19
KL0535,AMS,KGL,09:00,332,139
KL0536,KGL,AMS,21:00,332,13
KL0537,AMS,KGL,09:00,332,119
KL0539,AMS,KGL,09:00,332,30
KL0563,AMS,NBO,08:25,787,11
KL0564,NBO,AMS,19:00,787,11
KL0565,AMS,NBO,10:30,787,416
KL0566,NBO,AMS,20:59,787,405
KL0567,AMS,JRO,08:05,787,94
KL0569,AMS,JRO,20:15,787,300
KL0571,AMS,JRO,20:15,787,138
KL0572,JRO,AMS,03:10,787,1
KL0587,AMS,LOS,13:20,332,380
KL0588,LOS,AMS,22:00,332,373
KL0589,AMS,ACC,13:35,77W,421
KL0590,ACC,AMS,22:05,77W,409
KL0591,AMS,JNB,08:35,77W,413
KL0592,JNB,AMS,21:15,77W,405
KL0595,AMS,CPT,16:45,772,101
KL0596,CPT,AMS,06:00,772,101
KL0597,AMS,CPT,08:10,77W,417
KL0598,CPT,AMS,21:15,77W,407
KL0601,AMS,LAX,07:50,787,400
KL0602,LAX,AMS,20:50,787,389
KL0603,AMS,LAX,10:45,787,224
KL0604,LAX,AMS,23:45,787,215
KL0605,AMS,SFO,07:50,787,382
KL0606,SFO,AMS,20:45,787,373
KL0609,AMS,SLC,15:00,772,116
KL0610,SLC,AMS,03:00,772,117
KL0611,AMS,ORD,11:35,787,348
KL0612,ORD,AMS,22:25,787,335
KL0615,AMS,PDX,08:25,787,257
KL0616,PDX,AMS,20:15,787,248
KL0617,AMS,BOS,14:55,772,222
KL0618,BOS,AMS,00:15,772,222
KL0621,AMS,ATL,15:05,77W,417
KL0622,ATL,AMS,02:40,77W,419
KL0623,AMS,ATL,08:55,787,180
KL0624,ATL,AMS,20:50,787,176
KL0627,AMS,MIA,09:20,333,117
KL0628,MIA,AMS,21:50,333,117
KL0635,AMS,LAS,14:55,772,306
KL0636,LAS,AMS,03:25,772,305
KL0637,AMS,LAS,14:55,787,1
KL0638,LAS,AMS,03:25,787,2
KL0639,AMS,SAN,07:50,787,82
KL0640,SAN,AMS,20:55,787,79
KL0641,AMS,JFK,11:25,787,410
KL0642,JFK,AMS,21:30,787,400
KL0643,AMS,JFK,15:05,787,400
KL0644,JFK,AMS,01:10,787,400
KL0645,AMS,JFK,18:50,772,118
KL0646,JFK,AMS,04:50,772,117
KL0647,AMS,JFK,16:15,787,1
KL0651,AMS,IAD,11:05,332,383
KL0652,IAD,AMS,21:25,332,374
KL0655,AMS,MSP,08:45,787,111
KL0656,MSP,AMS,20:05,787,107
KL0661,AMS,IAH,07:55,772,392
KL0662,IAH,AMS,20:30,772,383
KL0667,AMS,AUS,10:40,787,182
KL0668,AUS,AMS,23:00,787,178
KL0671,AMS,YUL,13:20,332,304
KL0672,YUL,AMS,22:50,332,298
KL0674,YEG,AMS,00:15,332,3
KL0675,AMS,YEG,12:55,332,288
KL0676,YEG,AMS,23:35,332,283
KL0677,AMS,YYC,10:30,787,420
KL0678,YYC,AMS,21:15,787,404
KL0681,AMS,YVR,13:20,77W,313
KL0682,YVR,AMS,00:50,77W,317
KL0685,AMS,MEX,12:30,787,418
KL0686,MEX,AMS,02:05,787,422
KL0687,AMS,MEX,13:30,787,1
KL0689,AMS,CUN,08:50,787,79
KL0690,CUN,AMS,21:55,787,79
KL0691,AMS,YYZ,09:20,787,413
KL0692,YYZ,AMS,20:45,787,403
KL0693,AMS,YYZ,16:05,333,1
KL0695,AMS,YYZ,15:50,332,316
KL0696,YYZ,AMS,02:10,332,316
KL0701,AMS,EZE,20:20,787,422
KL0702,SCL,AMS,19:25,787,407
KL0704,SCL,AMS,16:20,787,1
KL0705,AMS,GIG,10:50,772,408
KL0706,GIG,AMS,00:55,772,406
KL0708,GIG,AMS,00:55,772,3
KL0710,EZE,AMS,18:50,787,1
KL0713,AMS,PBM,07:20,77W,419
KL0714,PBM,AMS,19:35,77W,412
KL0733,AMS,CUR,12:05,772,51
KL0734,CUR,AMS,23:55,772,44
KL0735,AMS,CUR,10:30,77W,422
KL0736,CUR,AMS,22:00,77W,411
KL0738,CUR,AMS,23:50,772,5
KL0741,AMS,BOG,07:50,787,349
KL0743,AMS,LIM,07:55,77W,408
KL0744,LIM,AMS,22:30,77W,401
KL0745,AMS,BOG,23:00,787,113
KL0746,LIM,AMS,01:10,772,1
KL0749,AMS,BOG,07:50,787,356
KL0757,AMS,PTY,10:20,77W,420
KL0758,PTY,AMS,23:50,77W,412
KL0759,AMS,SJO,12:45,787,131
KL0760,SJO,AMS,02:30,787,133
KL0763,AMS,PTY,13:45,787,11
KL0764,PTY,AMS,03:05,787,11
KL0765,AMS,AUA,01:15,332,361
KL0767,AMS,AUA,01:15,333,360
KL0769,AUA,AMS,01:15,333,122
KL0775,AMS,SXM,00:45,333,49
KL0777,AMS,SXM,21:20,332,181
KL0783,AMS,BGI,22:00,787,53
KL0787,AMS,SXM,21:20,332,225
KL0791,AMS,GRU,10:50,77W,420
KL0792,GRU,AMS,00:45,77W,416
KL0793,AMS,GRU,20:40,787,27
KL0794,GRU,AMS,17:50,787,27
KL0806,KUL,AMS,02:00,787,1
KL0807,AMS,TPE,18:15,787,242
KL0808,MNL,AMS,15:55,787,234
KL0809,AMS,KUL,19:25,787,323
KL0810,CGK,AMS,15:55,787,314
KL0818,MNL,AMS,16:30,787,1
KL0835,AMS,SIN,18:50,77W,425
KL0836,WRRR,AMS,16:40,77W,409
KL0838,SIN,AMS,17:40,77W,1
KL0840,WRRR,AMS,17:20,772,1
KL0841,AMS,BKK,13:05,772,16
KL0842,BKK,AMS,02:15,772,17
KL0843,AMS,BKK,15:15,77W,420
KL0844,BKK,AMS,05:05,77W,422
KL0845,AMS,BKK,20:20,772,6
KL0846,BKK,AMS,16:50,772,6
KL0849,AMS,BLR,09:55,787,1
KL0855,AMS,ICN,19:35,772,357
KL0856,ICN,AMS,13:25,772,346
KL0861,AMS,NRT,12:05,772,418
KL0862,NRT,AMS,03:35,772,420
KL0863,AMS,NRT,08:40,772,4
KL0864,NRT,AMS,23:55,772,4
KL0867,AMS,KIX,13:35,787,209
KL0868,KIX,AMS,03:00,787,209
KL0869,AMS,DEL,13:40,772,31
KL0870,DEL,AMS,23:59,772,31
KL0871,AMS,DEL,12:20,787,421
KL0872,DEL,AMS,22:25,787,410
KL0873,AMS,HYD,10:30,772,81
KL0874,HYD,AMS,21:25,772,77
KL0877,AMS,BOM,10:00,787,415
KL0878,BOM,AMS,20:45,787,403
KL0879,AMS,BLR,09:50,787,324
KL0880,BLR,AMS,21:00,787,315
KL0887,AMS,HKG,20:25,787,230
KL0888,HKG,AMS,14:45,787,223
KL0895,AMS,PVG,13:10,772,369
KL0896,PVG,AMS,03:15,772,373
KL0897,AMS,PEK,14:00,787,326
KL0898,PEK,AMS,02:55,787,325
KL0900,INV,AMS,05:25,E90,233
KL0901,AMS,INV,08:00,E90,106
KL0902,INV,AMS,10:00,E90,105
KL0903,AMS,INV,11:05,E75,302
KL0904,INV,AMS,13:15,E75,301
KL0905,AMS,INV,14:15,E75,20
KL0906,INV,AMS,16:25,E75,20
KL0907,AMS,INV,19:35,E90,234
KL0910,ABZ,AMS,05:00,E95,407
KL0911,AMS,ABZ,06:10,E90,349
KL0912,ABZ,AMS,08:10,E90,351
KL0913,AMS,ABZ,08:45,E95,395
KL0914,ABZ,AMS,10:55,E95,398
KL0915,AMS,ABZ,09:50,E90,365
KL0916,ABZ,AMS,11:55,E90,364
KL0917,AMS,ABZ,14:05,738,407
KL0918,ABZ,AMS,16:20,738,404
KL0919,AMS,ABZ,21:40,E95,414
KL0922,EDI,AMS,05:00,738,413
KL0923,AMS,EDI,05:55,738,344
KL0924,EDI,AMS,08:10,738,345
KL0925,AMS,EDI,08:00,321,166
KL0926,EDI,AMS,10:15,321,166
KL0927,AMS,EDI,10:05,738,360
KL0928,EDI,AMS,12:20,738,359
KL0929,AMS,EDI,16:15,E75,102
KL0930,EDI,AMS,18:20,E75,102
KL0931,AMS,EDI,13:55,321,407
KL0932,EDI,AMS,16:15,321,407
KL0933,AMS,EDI,21:40,738,415
KL0934,GLA,AMS,05:00,738,414
KL0935,AMS,GLA,05:40,738,283
KL0936,GLA,AMS,09:05,738,285
KL0937,AMS,GLA,08:25,738,121
KL0938,GLA,AMS,10:40,738,122
KL0939,AMS,GLA,10:30,E90,301
KL0940,GLA,AMS,13:25,E90,310
KL0941,AMS,GLA,15:05,738,414
KL0942,GLA,AMS,15:55,738,415
KL0945,AMS,GLA,20:40,738,417
KL0946,BHD,AMS,06:30,E75,359
KL0947,AMS,BHD,06:45,E90,31
KL0948,BHD,AMS,08:50,E90,31
KL0949,AMS,BHD,14:25,E75,407
KL0950,BHD,AMS,16:25,E75,407
KL0951,AMS,BHD,18:45,E75,359
KL0952,NCL,AMS,05:00,738,415
KL0953,AMS,NCL,06:30,E90,410
KL0954,NCL,AMS,08:30,E90,409
KL0955,AMS,NCL,12:45,E90,244
KL0956,NCL,AMS,14:40,E90,247
KL0957,AMS,NCL,10:55,E90,381
KL0958,NCL,AMS,13:40,E90,380
KL0959,AMS,NCL,14:30,738,404
KL0960,NCL,AMS,16:30,738,405
KL0961,AMS,NCL,20:40,738,415
KL0962,MME,AMS,05:00,E90,401
KL0963,AMS,MME,07:15,E90,342
KL0964,MME,AMS,09:00,E90,345
KL0965,AMS,MME,16:00,E90,283
KL0966,MME,AMS,16:40,E90,283
KL0967,AMS,MME,19:15,E90,404
KL0970,HUY,AMS,05:10,E90,395
KL0971,AMS,HUY,07:20,E90,402
KL0972,HUY,AMS,08:50,E90,407
KL0973,AMS,HUY,15:00,E90,398
KL0974,HUY,AMS,16:35,E90,396
KL0975,AMS,HUY,19:25,E90,394
KL0977,AMS,LCY,05:10,E90,291
KL0978,LCY,AMS,06:45,E90,289
KL0979,AMS,LCY,07:05,E90,276
KL0980,LCY,AMS,08:40,E90,277
KL0981,AMS,LCY,06:45,E90,291
KL0982,LCY,AMS,08:20,E90,291
KL0983,AMS,LCY,07:30,E90,333
KL0984,LCY,AMS,10:00,E90,336
KL0985,AMS,LCY,09:35,E90,22
KL0986,LCY,AMS,11:10,E90,22
KL0987,AMS,LCY,11:05,E90,47
KL0988,LCY,AMS,12:45,E90,47
KL0989,AMS,LCY,15:30,E90,233
KL0990,LCY,AMS,17:05,E90,234
KL0991,AMS,LCY,15:15,E90,341
KL0992,LCY,AMS,16:50,E90,341
KL0993,AMS,LCY,17:20,E90,333
KL0994,LCY,AMS,18:55,E90,334
KL0995,AMS,LCY,17:35,E90,352
KL0996,LCY,AMS,19:10,E90,350
KL0997,AMS,LCY,18:10,E90,35
KL0998,LCY,AMS,19:45,E90,35
KL1000,LHR,AMS,05:30,321,411
KL1001,AMS,LHR,05:15,321,407
KL1002,LHR,AMS,07:40,321,408
KL1003,AMS,LHR,07:35,E95,288
KL1004,LHR,AMS,08:55,E95,291
KL1005,AMS,LHR,08:20,321,408
KL1006,LHR,AMS,10:45,321,419
KL1007,AMS,LHR,10:45,321,52
KL1008,LHR,AMS,14:05,321,53
KL1009,AMS,LHR,11:25,E95,391
KL1010,LHR,AMS,13:45,E95,391
KL1011,AMS,LHR,13:55,E95,385
KL1012,LHR,AMS,16:10,E95,385
KL1013,AMS,LHR,15:15,E95,406
KL1014,LHR,AMS,18:15,E95,406
KL1015,AMS,LHR,17:50,E95,357
KL1016,LHR,AMS,19:55,E95,357
KL1017,AMS,LHR,18:35,321,415
KL1018,LBA,AMS,05:20,E90,402
KL1019,AMS,LBA,07:20,E90,399
KL1020,LBA,AMS,10:00,E90,407
KL1021,AMS,LBA,11:10,E75,47
KL1022,LBA,AMS,12:50,E75,46
KL1023,AMS,LBA,14:45,E90,387
KL1024,LBA,AMS,16:25,E90,391
KL1025,AMS,LBA,20:40,E90,406
KL1028,MAN,AMS,04:55,321,407
KL1029,AMS,MAN,05:55,E75,407
KL1030,MAN,AMS,09:05,E75,408
KL1031,AMS,MAN,08:00,321,407
KL1032,MAN,AMS,10:40,321,414
KL1033,AMS,MAN,10:45,E90,406
KL1034,MAN,AMS,12:45,E90,406
KL1035,AMS,MAN,14:25,738,409
KL1036,MAN,AMS,16:30,738,382
KL1037,AMS,MAN,17:45,E75,307
KL1038,MAN,AMS,19:40,E75,305
KL1039,AMS,MAN,20:45,321,386
KL1040,BHX,AMS,05:00,738,411
KL1041,AMS,BHX,06:05,738,381
KL1042,BHX,AMS,09:20,738,383
KL1043,AMS,BHX,07:35,738,21
KL1044,BHX,AMS,09:35,738,21
KL1045,AMS,BHX,11:35,E90,398
KL1046,BHX,AMS,13:30,E90,404
KL1047,AMS,BHX,14:35,738,415
KL1048,BHX,AMS,16:35,738,418
KL1049,AMS,BHX,17:30,E75,277
KL1050,BHX,AMS,19:15,E75,274
KL1051,AMS,BHX,19:10,738,411
KL1054,NWI,AMS,05:00,E75,390
KL1055,AMS,NWI,07:15,E90,354
KL1056,NWI,AMS,08:40,E90,361
KL1057,AMS,NWI,11:45,E75,173
KL1058,NWI,AMS,13:05,E75,171
KL1060,NWI,AMS,16:20,E95,1
KL1061,AMS,NWI,15:00,E75,139
KL1062,NWI,AMS,16:20,E75,141
KL1063,AMS,NWI,20:40,E75,392
KL1067,AMS,SOU,07:40,E75,72
KL1068,SOU,AMS,09:30,E75,73
KL1071,AMS,SOU,15:40,E90,396
KL1072,SOU,AMS,16:35,E90,398
KL1074,BRS,AMS,05:15,E90,402
KL1075,AMS,BRS,06:35,E90,376
KL1076,BRS,AMS,08:20,E90,377
KL1077,AMS,BRS,08:40,E75,17
KL1078,BRS,AMS,10:25,E75,17
KL1079,AMS,BRS,11:00,E90,346
KL1080,BRS,AMS,13:40,E90,362
KL1081,AMS,BRS,15:40,E90,397
KL1082,BRS,AMS,17:20,E90,398
KL1083,AMS,BRS,19:50,E90,404
KL1087,AMS,CWL,07:00,E90,405
KL1088,CWL,AMS,08:50,E90,403
KL1091,AMS,CWL,14:25,E90,226
KL1092,CWL,AMS,16:15,E90,227
KL1097,AMS,JER,10:05,E75,28
KL1098,JER,AMS,11:55,E75,28
KL1101,AMS,EXT,14:15,E75,316
KL1102,EXT,AMS,16:15,E75,318
KL1123,AMS,ORK,07:35,E75,27
KL1124,ORK,AMS,09:50,E75,27
KL1126,ORK,AMS,06:00,E90,408
KL1127,AMS,ORK,11:10,E90,201
KL1128,ORK,AMS,13:25,E90,198
KL1129,AMS,ORK,13:50,E90,281
KL1130,ORK,AMS,16:10,E90,283
KL1131,AMS,ORK,20:40,E90,409
KL1134,DUB,AMS,04:55,738,407
KL1135,AMS,DUB,05:40,E95,413
KL1136,DUB,AMS,07:55,E95,412
KL1137,AMS,DUB,07:45,738,187
KL1138,DUB,AMS,10:10,738,190
KL1139,AMS,DUB,11:00,E95,406
KL1140,DUB,AMS,12:20,E95,407
KL1141,AMS,DUB,14:05,E95,413
KL1142,DUB,AMS,16:20,E95,413
KL1143,AMS,DUB,17:40,E90,168
KL1144,DUB,AMS,19:45,E90,168
KL1145,AMS,DUB,19:45,738,408
KL1150,TRD,AMS,04:00,E95,405
KL1151,AMS,TRD,07:25,E90,232
KL1152,TRD,AMS,10:05,E90,233
KL1153,AMS,TRD,12:20,E90,411
KL1154,TRD,AMS,15:05,E90,410
KL1155,AMS,TRD,18:40,E95,404
KL1156,AES,AMS,04:30,E75,236
KL1157,AMS,AES,13:20,E90,403
KL1158,AES,AMS,15:50,E90,400
KL1159,AMS,AES,18:50,E75,236
KL1161,AMS,TRD,20:00,E90,2
KL1162,BGO,AMS,04:00,738,389
KL1163,AMS,BGO,06:25,738,413
KL1164,BGO,AMS,08:45,738,414
KL1165,AMS,BGO,07:35,737,37
KL1166,BGO,AMS,09:55,737,37
KL1167,AMS,BGO,09:45,738,406
KL1168,BGO,AMS,12:10,738,406
KL1169,AMS,BGO,13:15,321,412
KL1170,BGO,AMS,15:45,321,415
KL1171,AMS,BGO,19:10,738,390
KL1172,SVG,AMS,04:10,E95,415
KL1173,AMS,SVG,06:20,E75,375
KL1174,SVG,AMS,08:15,E75,376
KL1175,AMS,SVG,08:40,E75,354
KL1176,SVG,AMS,10:55,E75,354
KL1177,AMS,SVG,10:15,E75,351
KL1178,SVG,AMS,12:10,E75,353
KL1179,AMS,SVG,14:15,E90,291
KL1180,SVG,AMS,16:15,E90,291
KL1181,AMS,SVG,20:10,E95,204
KL1182,SVG,AMS,16:20,E95,116
KL1183,AMS,SVG,19:00,E95,328
KL1184,KRS,AMS,04:05,E75,407
KL1185,AMS,KRS,07:50,E75,140
KL1186,KRS,AMS,09:50,E75,143
KL1187,AMS,KRS,14:20,E90,395
KL1188,KRS,AMS,16:15,E90,396
KL1189,AMS,KRS,19:40,E75,406
KL1196,OSL,AMS,04:30,738,414
KL1197,AMS,OSL,05:00,E95,410
KL1198,OSL,AMS,07:20,E95,408
KL1199,AMS,OSL,07:20,738,411
KL1200,OSL,AMS,09:50,738,417
KL1201,AMS,OSL,09:55,E75,228
KL1202,OSL,AMS,12:15,E75,230
KL1203,AMS,OSL,13:25,738,418
KL1204,OSL,AMS,15:20,738,417
KL1205,AMS,OSL,15:30,E95,375
KL1206,OSL,AMS,17:15,E95,374
KL1207,AMS,OSL,18:50,738,417
KL1214,ARN,AMS,05:30,738,414
KL1215,AMS,ARN,04:55,738,366
KL1216,ARN,AMS,08:45,738,367
KL1217,AMS,ARN,06:45,321,324
KL1218,ARN,AMS,10:30,321,324
KL1219,AMS,ARN,08:55,738,408
KL1220,ARN,AMS,12:30,738,410
KL1223,AMS,ARN,12:40,321,414
KL1224,ARN,AMS,16:30,321,418
KL1225,AMS,ARN,15:40,E95,388
KL1226,ARN,AMS,18:55,E95,389
KL1227,AMS,ARN,18:55,738,414
KL1228,GOT,AMS,04:00,E95,419
KL1229,AMS,GOT,05:45,E75,402
KL1230,GOT,AMS,07:45,E75,398
KL1231,AMS,GOT,07:50,738,300
KL1232,GOT,AMS,10:05,738,301
KL1233,AMS,GOT,11:20,E90,409
KL1234,GOT,AMS,13:25,E90,412
KL1235,AMS,GOT,14:15,738,415
KL1236,GOT,AMS,16:25,738,413
KL1239,AMS,GOT,19:20,E95,417
KL1242,LPI,AMS,04:05,E75,413
KL1243,AMS,LPI,12:25,E75,40
KL1244,LPI,AMS,14:40,E75,40
KL1245,AMS,LPI,14:30,E75,377
KL1246,LPI,AMS,14:25,E75,371
KL1247,AMS,LPI,20:00,E75,411
KL1248,HEL,AMS,04:00,738,416
KL1251,AMS,HEL,07:40,321,416
KL1252,HEL,AMS,10:55,321,422
KL1253,AMS,HEL,12:20,738,415
KL1254,HEL,AMS,15:25,738,416
KL1255,AMS,HEL,19:00,738,417
KL1257,AMS,RVN,11:25,738,78
KL1258,RVN,AMS,15:10,738,77
KL1261,AMS,KTT,11:20,738,9
KL1262,KTT,AMS,15:10,738,9
KL1266,CPH,AMS,04:00,738,416
KL1267,AMS,CPH,05:15,738,402
KL1268,CPH,AMS,07:25,738,404
KL1269,AMS,CPH,07:45,738,419
KL1270,CPH,AMS,11:05,738,422
KL1271,AMS,CPH,10:35,E90,410
KL1272,CPH,AMS,12:45,E90,412
KL1273,AMS,CPH,12:25,321,407
KL1274,CPH,AMS,14:30,321,409
KL1275,AMS,CPH,15:55,738,415
KL1276,CPH,AMS,17:05,738,415
KL1277,AMS,CPH,18:40,738,87
KL1278,CPH,AMS,20:45,738,86
KL1279,AMS,CPH,19:05,738,415
KL1282,AAL,AMS,05:00,E90,408
KL1283,AMS,AAL,06:35,E90,396
KL1284,AAL,AMS,08:20,E90,397
KL1285,AMS,AAL,10:25,E90,412
KL1286,AAL,AMS,12:20,E90,414
KL1287,AMS,AAL,14:25,E90,394
KL1288,AAL,AMS,16:10,E90,396
KL1289,AMS,AAL,19:10,E90,410
KL1290,BLL,AMS,04:00,738,414
KL1291,AMS,BLL,06:25,E90,406
KL1292,BLL,AMS,08:15,E90,407
KL1293,AMS,BLL,09:10,737,403
KL1294,BLL,AMS,11:05,737,407
KL1295,AMS,BLL,10:20,E95,412
KL1296,BLL,AMS,12:15,E95,415
KL1297,AMS,BLL,14:35,321,311
KL1298,BLL,AMS,16:35,321,310
KL1299,AMS,BLL,19:50,738,418
KL1300,BLL,AMS,17:40,321,123
KL1301,AMS,BLL,20:35,321,121
KL1302,GDN,AMS,05:30,E90,411
KL1303,AMS,GDN,07:35,E90,403
KL1304,GDN,AMS,09:50,E90,408
KL1305,AMS,GDN,10:05,E75,367
KL1306,GDN,AMS,13:00,E75,368
KL1307,AMS,GDN,14:55,E90,412
KL1308,GDN,AMS,17:05,E90,410
KL1309,AMS,GDN,18:55,E90,414
KL1310,WAW,AMS,05:05,738,413
KL1313,AMS,WAW,07:55,738,411
KL1314,WAW,AMS,11:45,738,420
KL1315,AMS,WAW,12:35,738,413
KL1316,WAW,AMS,15:50,738,415
KL1317,AMS,WAW,15:00,E90,349
KL1318,WAW,AMS,17:40,E90,350
KL1319,AMS,WAW,20:30,738,420
KL1322,KRK,AMS,04:35,E95,409
KL1323,AMS,KRK,07:15,E95,408
KL1324,KRK,AMS,09:50,E95,413
KL1325,AMS,KRK,09:30,E90,397
KL1326,KRK,AMS,12:00,E90,395
KL1327,AMS,KRK,13:20,E95,405
KL1328,KRK,AMS,15:55,E95,405
KL1329,AMS,KRK,14:40,E75,271
KL1330,KRK,AMS,17:00,E75,184
KL1331,AMS,KRK,18:35,E95,329
KL1332,POZ,AMS,04:30,E75,305
KL1333,AMS,POZ,10:10,E75,412
KL1334,POZ,AMS,13:15,E75,415
KL1335,AMS,POZ,18:15,E75,306
KL1336,WRO,AMS,05:30,E75,372
KL1337,AMS,WRO,09:55,E75,379
KL1338,WRO,AMS,12:00,E75,381
KL1339,AMS,WRO,19:40,E75,370
KL1341,AMS,BLL,13:20,E95,88
KL1342,BLL,AMS,15:15,E95,88
KL1343,AMS,KRK,15:55,E75,48
KL1344,KRK,AMS,18:15,E75,48
KL1350,PRG,AMS,04:00,738,410
KL1351,AMS,PRG,04:55,E75,389
KL1352,PRG,AMS,06:50,E75,393
KL1353,AMS,PRG,07:05,738,407
KL1354,PRG,AMS,09:15,738,412
KL1355,AMS,PRG,10:25,738,402
KL1356,PRG,AMS,12:30,738,402
KL1357,AMS,PRG,15:15,738,405
KL1358,PRG,AMS,16:35,738,397
KL1359,AMS,PRG,17:15,E75,271
KL1360,PRG,AMS,19:25,E75,270
KL1361,AMS,PRG,19:10,738,402
KL1362,BUD,AMS,05:30,738,414
KL1363,AMS,BUD,06:50,738,410
KL1364,BUD,AMS,09:35,738,413
KL1365,AMS,BUD,09:30,E95,236
KL1366,BUD,AMS,12:10,E95,236
KL1367,AMS,BUD,12:35,321,392
KL1368,BUD,AMS,15:25,321,388
KL1369,AMS,BUD,15:00,E75,370
KL1370,BUD,AMS,17:40,E75,365
KL1371,AMS,BUD,19:05,738,405
KL1372,OTP,AMS,04:00,738,416
KL1373,AMS,OTP,07:20,738,409
KL1374,OTP,AMS,10:45,738,412
KL1375,AMS,OTP,11:35,738,394
KL1376,OTP,AMS,15:05,738,396
KL1377,AMS,OTP,19:15,738,418
KL1401,AMS,CDG,04:45,738,375
KL1402,CDG,AMS,06:40,738,377
KL1403,AMS,CDG,06:20,321,182
KL1404,CDG,AMS,08:40,321,191
KL1405,AMS,CDG,06:05,738,233
KL1406,CDG,AMS,08:15,738,234
KL1407,AMS,CDG,10:30,738,30
KL1408,CDG,AMS,12:30,738,30
KL1409,AMS,CDG,14:30,321,31
KL1410,CDG,AMS,16:40,321,31
KL1411,AMS,CDG,15:50,738,339
KL1412,CDG,AMS,18:15,738,342
KL1413,AMS,RNS,07:20,E75,137
KL1414,RNS,AMS,16:30,E75,137
KL1415,AMS,RNS,12:30,E75,322
KL1416,RNS,AMS,13:20,E90,324
KL1418,NTE,AMS,04:20,E90,402
KL1419,AMS,NTE,07:45,E90,411
KL1420,NTE,AMS,10:00,E90,417
KL1421,AMS,NTE,10:25,E75,3
KL1422,NTE,AMS,12:30,E75,3
KL1423,AMS,NTE,13:00,E90,415
KL1424,NTE,AMS,15:20,E90,415
KL1425,AMS,NTE,18:30,E90,407
KL1426,LYS,AMS,05:40,E90,114
KL1427,AMS,LYS,05:50,E75,30
KL1428,LYS,AMS,07:55,E75,31
KL1431,AMS,LYS,09:50,E95,400
KL1432,LYS,AMS,12:05,E95,401
KL1433,AMS,LYS,14:00,737,30
KL1434,LYS,AMS,16:15,737,30
KL1435,AMS,LYS,19:40,E90,119
KL1440,BOD,AMS,05:00,E95,405
KL1441,AMS,BOD,09:05,738,394
KL1442,BOD,AMS,11:30,738,394
KL1443,AMS,BOD,10:45,E75,151
KL1444,BOD,AMS,12:55,E75,152
KL1445,AMS,BOD,12:40,E95,379
KL1446,BOD,AMS,15:10,E95,380
KL1447,AMS,BOD,19:05,E95,408
KL1448,TLS,AMS,04:30,E95,325
KL1449,AMS,TLS,07:05,E95,239
KL1450,TLS,AMS,09:30,E95,240
KL1451,AMS,TLS,08:55,E90,177
KL1452,TLS,AMS,11:20,E90,180
KL1453,AMS,TLS,13:30,738,413
KL1454,TLS,AMS,16:00,738,414
KL1455,AMS,TLS,19:40,E95,325
KL1456,BOD,AMS,22:05,E90,1
KL1459,AMS,MPL,12:00,E90,397
KL1460,MPL,AMS,14:25,E90,398
KL1464,MRS,AMS,05:30,738,412
KL1465,AMS,MRS,07:35,738,404
KL1466,MRS,AMS,10:15,738,410
KL1467,AMS,MRS,20:00,737,2
KL1469,AMS,MRS,12:45,738,410
KL1470,MRS,AMS,16:20,738,406
KL1471,AMS,MRS,18:55,738,404
KL1472,NCE,AMS,04:30,E95,406
KL1473,AMS,NCE,04:50,E90,4
KL1474,NCE,AMS,07:35,E90,4
KL1475,AMS,NCE,07:30,738,413
KL1476,NCE,AMS,10:20,738,413
KL1477,AMS,NCE,12:30,E95,399
KL1478,NCE,AMS,16:10,E95,404
KL1479,AMS,NCE,14:30,E95,229
KL1480,NCE,AMS,17:05,E95,237
KL1481,AMS,NCE,19:50,E95,400
KL1485,AMS,BIQ,12:20,E90,123
KL1486,BIQ,AMS,14:50,E90,123
KL1497,AMS,BCN,04:35,E90,208
KL1498,BCN,AMS,07:20,E90,208
KL1500,MAD,AMS,04:00,738,414
KL1501,AMS,MAD,06:40,738,411
KL1502,MAD,AMS,08:20,738,411
KL1503,AMS,MAD,07:30,738,401
KL1504,MAD,AMS,11:05,738,406
KL1505,AMS,MAD,11:50,738,410
KL1506,MAD,AMS,15:10,738,409
KL1507,AMS,MAD,16:05,738,392
KL1508,MAD,AMS,18:25,738,365
KL1509,AMS,MAD,18:50,738,389
KL1510,BCN,AMS,04:20,738,415
KL1511,AMS,BCN,06:10,738,417
KL1512,BCN,AMS,09:05,738,418
KL1513,AMS,BCN,08:25,738,412
KL1514,BCN,AMS,11:20,738,422
KL1515,AMS,BCN,10:50,738,12
KL1516,BCN,AMS,13:55,738,13
KL1517,AMS,BCN,12:15,321,412
KL1518,BCN,AMS,15:20,321,414
KL1519,AMS,BCN,15:55,738,385
KL1520,BCN,AMS,18:55,738,357
KL1521,AMS,BCN,18:35,738,387
KL1522,BIO,AMS,04:50,E90,323
KL1523,AMS,BIO,07:10,E95,308
KL1524,BIO,AMS,10:00,E95,390
KL1525,AMS,BIO,12:25,738,372
KL1526,BIO,AMS,15:15,738,372
KL1527,AMS,BIO,13:25,E95,85
KL1528,BIO,AMS,16:20,E95,85
KL1529,AMS,BIO,18:35,E90,406
KL1530,VLC,AMS,04:20,E90,419
KL1531,AMS,VLC,12:45,E95,413
KL1532,VLC,AMS,15:55,E95,411
KL1533,AMS,VLC,15:05,E90,19
KL1534,VLC,AMS,18:20,E90,20
KL1535,AMS,VLC,18:35,E90,418
KL1539,AMS,ALC,11:50,738,153
KL1540,ALC,AMS,15:15,738,152
KL1541,AMS,ALC,12:25,E95,51
KL1542,AGP,AMS,04:10,738,109
KL1543,AMS,AGP,07:35,738,60
KL1544,AGP,AMS,11:20,738,60
KL1545,AMS,AGP,11:35,738,286
KL1546,AGP,AMS,15:20,738,287
KL1547,AMS,AGP,14:40,738,30
KL1548,AGP,AMS,18:25,738,30
KL1549,AMS,AGP,18:45,738,58
KL1551,AMS,IBZ,08:20,E95,25
KL1552,IBZ,AMS,12:00,E95,25
KL1553,AMS,IBZ,11:30,738,132
KL1554,IBZ,AMS,14:55,738,132
KL1555,AMS,IBZ,14:35,E90,33
KL1556,IBZ,AMS,17:55,E90,33
KL1557,AMS,OVD,12:00,E90,28
KL1558,OVD,AMS,14:45,E90,28
KL1559,AMS,PMI,11:35,E95,98
KL1560,PMI,AMS,14:55,E95,96
KL1565,AMS,SCQ,11:35,E90,28
KL1566,SCQ,AMS,14:30,E90,28
KL1568,OPO,AMS,19:10,E90,65
KL1570,OPO,AMS,06:00,738,415
KL1571,AMS,OPO,07:50,738,393
KL1572,OPO,AMS,11:15,738,408
KL1573,AMS,OPO,12:45,738,401
KL1574,OPO,AMS,16:10,738,333
KL1575,AMS,OPO,11:55,738,233
KL1576,OPO,AMS,15:20,738,232
KL1577,AMS,OPO,19:40,738,415
KL1578,LIS,AMS,04:00,738,414
KL1579,AMS,LIS,06:55,738,393
KL1580,LIS,AMS,11:25,738,400
KL1583,AMS,LIS,10:35,321,415
KL1584,LIS,AMS,14:35,321,419
KL1585,AMS,LIS,14:40,738,236
KL1586,LIS,AMS,18:30,738,232
KL1587,AMS,LIS,18:50,738,413
KL1597,AMS,LIN,08:20,738,286
KL1598,LIN,AMS,11:00,738,287
KL1600,FCO,AMS,04:30,738,415
KL1601,AMS,FCO,05:10,321,347
KL1602,FCO,AMS,08:25,321,347
KL1603,AMS,FCO,07:35,321,410
KL1604,FCO,AMS,10:45,321,414
KL1605,AMS,FCO,13:15,738,409
KL1606,FCO,AMS,16:15,738,410
KL1607,AMS,FCO,14:40,738,416
KL1608,FCO,AMS,17:40,738,389
KL1609,AMS,FCO,18:30,321,392
KL1612,LIN,AMS,04:40,738,409
KL1613,AMS,LIN,06:25,738,407
KL1614,LIN,AMS,09:00,738,411
KL1615,AMS,LIN,12:15,738,411
KL1616,LIN,AMS,14:50,738,410
KL1617,AMS,LIN,18:00,738,268
KL1618,LIN,AMS,20:20,738,270
KL1619,AMS,LIN,20:20,738,390
KL1620,LIN,AMS,17:50,738,8
KL1621,AMS,MXP,13:35,738,117
KL1622,MXP,AMS,15:55,738,88
KL1628,VCE,AMS,04:00,738,413
KL1629,AMS,VCE,07:05,738,398
KL1630,VCE,AMS,09:40,738,404
KL1631,AMS,VCE,09:30,E75,45
KL1632,VCE,AMS,12:00,E75,44
KL1633,AMS,VCE,12:25,738,419
KL1634,VCE,AMS,16:35,738,418
KL1635,AMS,VCE,19:35,E95,88
KL1637,AMS,VCE,18:35,738,322
KL1638,TRN,AMS,04:20,E75,401
KL1639,AMS,TRN,07:35,E75,413
KL1640,TRN,AMS,09:45,E75,416
KL1641,AMS,TRN,19:00,E75,406
KL1642,GOA,AMS,04:15,E75,194
KL1643,AMS,GOA,07:35,E75,17
KL1644,GOA,AMS,10:00,E75,17
KL1645,AMS,GOA,09:40,E75,407
KL1646,GOA,AMS,11:55,E75,405
KL1647,AMS,GOA,19:10,E75,195
KL1650,FLR,AMS,04:30,E95,404
KL1651,AMS,FLR,06:40,E95,245
KL1652,FLR,AMS,09:20,E95,245
KL1653,AMS,FLR,07:30,E95,405
KL1654,FLR,AMS,10:10,E95,408
KL1655,AMS,FLR,12:55,E95,402
KL1656,FLR,AMS,16:00,E95,402
KL1657,AMS,FLR,15:00,E90,237
KL1658,FLR,AMS,17:40,E90,239
KL1659,AMS,FLR,18:35,E95,412
KL1660,BLQ,AMS,04:00,E90,414
KL1661,AMS,BLQ,04:55,E75,150
KL1662,BLQ,AMS,07:15,E75,150
KL1663,AMS,BLQ,09:25,E95,412
KL1664,BLQ,AMS,12:00,E95,416
KL1665,AMS,BLQ,12:45,738,402
KL1666,BLQ,AMS,15:25,738,404
KL1667,AMS,BLQ,18:45,E90,411
KL1669,AMS,CTA,07:10,738,26
KL1670,CTA,AMS,10:50,738,26
KL1671,AMS,CTA,10:40,738,149
KL1672,CTA,AMS,15:10,738,146
KL1673,AMS,CAG,12:05,E95,96
KL1674,CAG,AMS,15:05,E95,97
KL1675,AMS,CAG,12:05,737,40
KL1676,CAG,AMS,15:05,737,40
KL1677,AMS,NAP,06:10,738,163
KL1678,NAP,AMS,09:40,738,164
KL1681,AMS,LIN,18:25,E75,165
KL1682,LIN,AMS,20:55,E75,159
KL1700,BRU,AMS,04:10,E90,416
KL1701,AMS,BRU,04:50,E75,362
KL1702,BRU,AMS,07:05,E75,360
KL1703,AMS,BRU,08:25,E95,391
KL1704,BRU,AMS,09:45,E95,389
KL1705,AMS,BRU,11:50,E75,408
KL1706,BRU,AMS,13:45,E75,411
KL1707,AMS,BRU,19:30,E75,417
KL1708,LUX,AMS,04:10,E75,406
KL1709,AMS,LUX,07:05,E90,401
KL1710,LUX,AMS,08:30,E90,402
KL1711,AMS,LUX,12:15,E75,266
KL1712,LUX,AMS,13:45,E75,266
KL1713,AMS,LUX,15:50,E90,358
KL1714,LUX,AMS,17:20,E90,357
KL1715,AMS,LUX,19:25,E75,404
KL1731,AMS,LUX,04:45,E75,59
KL1732,LUX,AMS,06:10,E75,59
KL1750,HAM,AMS,04:10,738,414
KL1751,AMS,HAM,04:55,E75,399
KL1752,HAM,AMS,06:30,E75,399
KL1753,AMS,HAM,08:25,E90,405
KL1754,HAM,AMS,10:10,E90,407
KL1755,AMS,HAM,11:00,E90,405
KL1756,HAM,AMS,12:50,E90,407
KL1757,AMS,HAM,15:50,738,407
KL1758,HAM,AMS,17:45,738,400
KL1759,AMS,HAM,18:45,738,411
KL1760,BRE,AMS,04:15,E90,399
KL1761,AMS,BRE,06:45,E75,377
KL1762,BRE,AMS,08:10,E75,377
KL1763,AMS,BRE,11:00,E90,311
KL1764,BRE,AMS,12:35,E90,318
KL1765,AMS,BRE,15:55,E90,369
KL1766,BRE,AMS,16:10,E90,344
KL1767,AMS,BRE,18:50,E90,379
KL1770,BER,AMS,04:00,738,412
KL1771,AMS,BER,05:05,738,400
KL1772,BER,AMS,07:05,738,400
KL1773,AMS,BER,06:55,E90,149
KL1774,BER,AMS,08:50,E90,151
KL1775,AMS,BER,08:05,321,405
KL1776,BER,AMS,10:15,321,407
KL1777,AMS,BER,10:25,321,400
KL1778,BER,AMS,12:30,321,402
KL1779,AMS,BER,13:20,738,410
KL1780,BER,AMS,15:30,738,409
KL1781,AMS,BER,14:45,738,406
KL1782,BER,AMS,17:25,738,406
KL1783,AMS,BER,18:35,E90,85
KL1784,BER,AMS,20:35,E90,85
KL1785,AMS,BER,18:55,738,410
KL1786,HAJ,AMS,04:00,E75,416
KL1787,AMS,HAJ,07:25,E90,400
KL1788,HAJ,AMS,08:50,E90,402
KL1789,AMS,HAJ,10:45,E90,223
KL1790,HAJ,AMS,12:15,E90,222
KL1791,AMS,HAJ,14:50,E90,406
KL1792,HAJ,AMS,16:15,E90,398
KL1793,AMS,HAJ,20:10,E75,407
KL1796,DUS,AMS,04:20,E90,397
KL1797,AMS,DUS,04:55,E75,398
KL1798,DUS,AMS,06:15,E75,397
KL1799,AMS,DUS,09:00,E75,400
KL1800,DUS,AMS,10:25,E75,404
KL1801,AMS,DUS,11:05,E90,405
KL1802,DUS,AMS,12:30,E90,408
KL1803,AMS,DUS,14:55,E75,407
KL1804,DUS,AMS,17:40,E75,406
KL1805,AMS,DUS,19:35,E90,403
KL1814,FRA,AMS,05:00,E90,816
KL1815,AMS,FRA,06:25,E90,791
KL1816,FRA,AMS,08:15,E90,789
KL1817,AMS,FRA,08:55,E75,777
KL1818,FRA,AMS,09:45,E75,783
KL1819,AMS,FRA,10:30,E75,683
KL1820,FRA,AMS,12:15,E75,683
KL1821,AMS,FRA,14:10,E90,814
KL1822,FRA,AMS,15:55,E90,811
KL1823,AMS,FRA,15:30,E90,468
KL1824,FRA,AMS,17:20,E90,465
KL1825,AMS,FRA,20:20,E90,825
KL1826,STR,AMS,04:00,E90,411
KL1827,AMS,STR,06:00,E90,374
KL1828,STR,AMS,07:45,E90,374
KL1829,AMS,STR,07:20,E90,300
KL1830,STR,AMS,09:05,E90,300
KL1831,AMS,STR,11:50,E90,416
KL1832,STR,AMS,12:10,E90,421
KL1833,AMS,STR,14:25,E90,414
KL1834,STR,AMS,17:25,E90,412
KL1835,AMS,STR,19:20,E90,411
KL1838,NUE,AMS,04:00,E90,405
KL1839,AMS,NUE,06:30,E75,313
KL1840,NUE,AMS,07:55,E75,315
KL1841,AMS,NUE,07:15,E90,83
KL1842,NUE,AMS,09:05,E90,83
KL1843,AMS,NUE,10:45,E90,415
KL1844,NUE,AMS,12:35,E90,420
KL1845,AMS,NUE,15:45,E90,405
KL1846,NUE,AMS,16:10,E90,405
KL1847,AMS,NUE,19:20,E90,408
KL1848,MUC,AMS,05:00,737,402
KL1849,AMS,MUC,05:15,E75,385
KL1850,MUC,AMS,07:25,E75,383
KL1851,AMS,MUC,07:40,738,401
KL1852,MUC,AMS,09:50,738,409
KL1853,AMS,MUC,10:00,E90,398
KL1854,MUC,AMS,12:00,E90,403
KL1855,AMS,MUC,13:35,738,406
KL1856,MUC,AMS,16:35,738,407
KL1857,AMS,MUC,16:40,E75,338
KL1858,MUC,AMS,18:50,E75,311
KL1859,AMS,MUC,19:00,737,382
KL1900,VIE,AMS,05:05,738,414
KL1901,AMS,VIE,04:50,738,396
KL1902,VIE,AMS,07:20,738,400
KL1903,AMS,VIE,09:50,738,235
KL1904,VIE,AMS,12:20,738,235
KL1905,AMS,VIE,15:25,738,408
KL1906,VIE,AMS,18:00,738,410
KL1907,AMS,VIE,18:25,738,416
KL1909,AMS,VIE,15:35,E75,58
KL1910,VIE,AMS,17:50,E75,58
KL1916,ZRH,AMS,05:00,738,411
KL1917,AMS,ZRH,05:10,738,401
KL1918,ZRH,AMS,07:20,738,402
KL1919,AMS,ZRH,07:45,738,402
KL1920,ZRH,AMS,09:50,738,411
KL1921,AMS,ZRH,10:15,E90,397
KL1922,ZRH,AMS,12:20,E90,399
KL1923,AMS,ZRH,13:20,738,402
KL1924,ZRH,AMS,16:30,738,412
KL1925,AMS,ZRH,15:20,738,374
KL1926,ZRH,AMS,17:25,738,377
KL1927,AMS,ZRH,19:00,738,412
KL1928,GVA,AMS,05:15,E95,411
KL1929,AMS,GVA,04:55,738,413
KL1930,GVA,AMS,07:05,738,413
KL1931,AMS,GVA,07:45,738,410
KL1932,GVA,AMS,09:55,738,414
KL1933,AMS,GVA,10:05,E75,412
KL1934,GVA,AMS,12:10,E75,415
KL1935,AMS,GVA,13:00,738,410
KL1936,GVA,AMS,15:15,738,409
KL1937,AMS,GVA,15:05,E90,409
KL1938,GVA,AMS,17:15,E90,413
KL1939,AMS,GVA,18:50,E95,413
KL1942,BSL,AMS,05:05,E90,406
KL1943,AMS,BSL,06:15,E90,404
KL1944,BSL,AMS,08:15,E90,405
KL1945,AMS,BSL,10:30,E90,238
KL1946,BSL,AMS,12:25,E90,239
KL1947,AMS,BSL,15:10,E90,386
KL1948,BSL,AMS,16:55,E90,385
KL1949,AMS,BSL,18:30,E90,409
KL1952,ATH,AMS,03:00,738,412
KL1953,AMS,ATH,06:30,738,262
KL1954,ATH,AMS,10:40,738,271
KL1955,AMS,ATH,10:30,738,409
KL1956,ATH,AMS,15:20,738,410
KL1957,AMS,ATH,19:10,738,413
KL1958,IST,AMS,03:00,737,64
KL1959,AMS,IST,10:35,738,406
KL1960,IST,AMS,14:55,738,408
KL1961,AMS,IST,19:00,737,63
KL1964,ZAG,AMS,04:00,E95,411
KL1967,AMS,ZAG,11:45,E90,417
KL1968,ZAG,AMS,14:05,E90,418
KL1969,AMS,ZAG,20:10,E95,409
KL1970,SPU,AMS,04:30,738,236
KL1971,AMS,SPU,07:55,738,275
KL1972,SPU,AMS,10:50,738,277
KL1973,AMS,SPU,12:50,738,84
KL1974,SPU,AMS,15:45,738,72
KL1975,AMS,SPU,18:45,738,238
KL1976,DBV,AMS,04:30,737,40
KL1977,AMS,DBV,08:10,738,232
KL1978,DBV,AMS,11:25,738,231
KL1979,AMS,DBV,12:20,E90,17
KL1980,DBV,AMS,15:15,E75,18
KL1981,AMS,DBV,19:00,737,31
KL1982,BEG,AMS,04:00,E95,412
KL1983,AMS,BEG,07:35,E95,409
KL1984,BEG,AMS,10:35,E95,415
KL1985,AMS,BEG,18:35,E95,416
KL1986,SPU,AMS,20:00,E95,4
KL1988,LJU,AMS,04:00,E95,31
KL1989,AMS,LJU,08:15,E90,332
KL1990,LJU,AMS,10:35,E90,330
KL1991,AMS,LJU,19:05,E95,31
KL4764,AMS,CGN,19:55,E90,1
KL874,HYD,FRA,02:55,787,1
KL9856,YYC,AMS,07:30,332,7
KL9857,AMS,BRU,07:20,332,50
KL9858,BRU,AMS,10:20,332,52
KL9860,BRU,AMS,07:55,333,7
KL9861,AMS,WOE,07:00,787,10
KL9862,WOE,AMS,13:40,787,16
KL9863,XFW,AMS,13:30,738,71
KL9864,TEV,AMS,13:00,738,27
KL9865,BRU,AMS,15:00,738,4
KL9866,NCE,AMS,16:53,738,1
KL9867,AMS,NWI,06:00,738,29
KL9868,NWI,AMS,19:00,738,28
KL9869,AMS,NWI,06:00,738,1
KL9870,BER,AMS,09:40,738,3
KL9879,LHR,AMS,09:00,738,2
KL9880,HAM,AMS,17:45,738,1
KL9885,AMS,XCR,06:30,772,30
KL9888,XCR,AMS,15:30,772,30
KL9891,AMS,AAR,08:00,321,41
KL9894,AAR,AMS,14:15,321,40
KL9936,BRU,AMS,05:55,E75,140
KL9938,WAW,AMS,06:20,E90,30
KL9939,POZ,AMS,06:35,E75,3
KL9940,TFS,AMS,11:30,E95,6
KL9941,AMS,MST,08:30,E90,2
KL9942,TFS,AMS,12:00,E95,1
KL9946,LBG,AMS,16:30,E95,1
KL9948,BRU,AMS,04:06,E90,11
KL9950,BRU,AMS,08:25,E90,2
KL9952,BRU,AMS,13:30,E90,2
KL9953,AMS,HUY,20:20,E90,1
KL9955,AMS,BRU,04:35,E90,32
KL9956,BRU,AMS,04:10,E90,8
KL9960,AMS,MST,07:30,E75,47
KL9965,MST,AMS,13:50,E75,47
KM3396,MLA,AMS,06:10,320,4
KM3397,AMS,MLA,10:35,320,4
KM386,MLA,AMS,15:30,320,63
KM387,AMS,MLA,19:45,320,57
KM394,MLA,AMS,05:25,320,417
KM395,AMS,MLA,09:50,320,406
KM396,MLA,AMS,13:10,320,4
KM397,AMS,MLA,17:35,320,4
KQ0116,NBO,AMS,05:40,788,343
KQ0117,AMS,NBO,18:35,788,329
KQ0164,NBO,AMS,15:40,788,82
KU1127,KWI,AMS,23:30,330,1
KU127,KWI,AMS,05:30,A338,162
KU128,AMS,KWI,13:25,A338,146
KU171,KWI,FRA,05:30,A338,206
KU172,FRA,KWI,13:00,320,160
KZ004,NRT,AMS,18:20,747,196
KZ006,NRT,AMS,22:00,747,21
KZ038,ANC,FRA,20:50,747,22
KZ039,FRA,NRT,08:30,747,19
KZ040,ANC,FRA,22:40,747,7
KZ041,FRA,NRT,11:45,747,6
KZ049,AMS,MXP,05:20,747,180
KZ055,AMS,FRA,09:20,747,55
KZ5049,AMS,KIX,05:45,747,3
KZ5059,AMS,FRA,10:00,747,3
KZ5737,AMS,CTS,09:55,747,2
LA8070,GRU,FRA,02:45,77W,423
LA8071,FRA,GRU,19:30,77W,415
LA9452,GRU,FRA,00:10,77W,2
LA9453,FRA,GRU,17:30,77W,5
LA9454,GRU,FRA,04:40,77W,1
LA9455,FRA,GRU,17:40,77W,1
LA9456,GRU,FRA,03:55,77W,1
LA9457,FRA,GRU,17:50,77W,1
LA9459,FRA,GRU,17:50,77W,1
LA9471,FRA,GRU,17:50,77W,1
LB1913,SOF,AMS,06:00,733,2
LB1914,AMS,SOF,11:40,733,1
LG052,FRA,LUX,19:54,738,1
LG168,AYT,FRA,08:25,738,1
LH001,HAM,FRA,04:00,321,335
LH002,FRA,HAM,04:30,320,382
LH003,HAM,FRA,07:00,320,56
LH004,FRA,HAM,05:30,320,232
LH005,HAM,FRA,05:00,319,183
LH006,FRA,HAM,06:00,319,418
LH007,HAM,FRA,05:30,321,390
LH008,FRA,HAM,07:00,319,368
LH009,HAM,FRA,06:30,320,351
LH010,FRA,HAM,08:00,321,372
LH011,HAM,FRA,07:30,320,258
LH012,FRA,HAM,06:30,319,133
LH013,HAM,FRA,08:00,319,418
LH014,FRA,HAM,10:00,321,374
LH015,HAM,FRA,09:00,319,367
LH016,FRA,HAM,12:00,319,386
LH017,HAM,FRA,10:00,321,346
LH018,FRA,HAM,11:00,320,5
LH019,HAM,FRA,08:30,319,106
LH020,FRA,HAM,13:00,319,236
LH021,HAM,FRA,13:00,321,373
LH022,FRA,HAM,15:00,319,362
LH023,HAM,FRA,14:00,319,389
LH024,FRA,HAM,16:00,320,374
LH026,FRA,HAM,15:00,321,29
LH027,HAM,FRA,15:00,319,263
LH028,FRA,HAM,17:00,320,291
LH029,HAM,FRA,17:00,319,360
LH030,FRA,HAM,17:00,321,400
LH031,HAM,FRA,18:00,320,402
LH033,HAM,FRA,18:00,320,286
LH034,FRA,HAM,18:15,319,217
LH035,HAM,FRA,05:30,321,31
LH036,FRA,HAM,20:25,321,359
LH040,FRA,HAJ,05:10,320,30
LH041,HAJ,FRA,06:40,320,30
LH042,FRA,HAJ,07:20,320,31
LH043,HAJ,FRA,08:50,320,31
LH045,BER,FRA,06:10,321,44
LH046,FRA,HAJ,05:15,319,217
LH047,HAJ,FRA,16:40,320,29
LH048,FRA,HAJ,07:35,319,415
LH049,HAJ,FRA,04:00,319,407
LH050,FRA,HAJ,08:50,CR9,108
LH051,HAJ,FRA,07:00,319,188
LH052,FRA,HAJ,11:25,319,382
LH053,HAJ,FRA,09:00,319,385
LH054,FRA,HAJ,15:10,319,355
LH055,HAJ,FRA,10:25,CR9,109
LH057,HAJ,FRA,13:55,319,381
LH058,FRA,HAJ,20:05,319,380
LH059,HAJ,FRA,16:40,319,355
LH062,FRA,DRS,06:50,319,31
LH063,DRS,FRA,08:35,319,31
LH066,FRA,DRS,15:00,320,29
LH067,DRS,FRA,16:55,320,29
LH068,FRA,DRS,20:10,320,30
LH069,DRS,FRA,04:00,320,30
LH072,FRA,DUS,05:30,320,318
LH073,DUS,FRA,04:00,319,398
LH074,FRA,DUS,07:15,320,409
LH075,DUS,FRA,07:10,320,316
LH076,FRA,DUS,15:00,320,5
LH077,DUS,FRA,08:45,320,383
LH078,FRA,DUS,11:50,319,388
LH079,DUS,FRA,04:10,320,31
LH081,DUS,FRA,13:10,319,357
LH084,FRA,DUS,15:10,319,339
LH087,DUS,FRA,16:50,319,336
LH088,FRA,DUS,19:10,319,376
LH092,FRA,MUC,05:15,320,32
LH093,MUC,FRA,05:00,321,356
LH094,FRA,MUC,05:15,321,407
LH095,MUC,FRA,07:00,321,408
LH096,FRA,MUC,06:15,319,383
LH097,MUC,FRA,06:30,320,296
LH098,FRA,MUC,07:15,321,307
LH099,MUC,FRA,08:00,321,403
LH100,FRA,MUC,09:15,321,420
LH1002,FRA,AMS,19:00,319,784
LH1003,AMS,FRA,06:00,319,772
LH1004,FRA,BRU,04:45,320,205
LH1005,BRU,FRA,06:30,320,205
LH1006,FRA,BRU,06:40,320,155
LH1007,BRU,FRA,08:30,320,155
LH1008,FRA,BRU,08:45,320,85
LH1009,BRU,FRA,10:30,320,85
LH101,MUC,FRA,08:00,319,382
LH1010,FRA,BRU,10:30,320,76
LH1011,BRU,FRA,12:10,320,76
LH1012,FRA,BRU,12:00,320,83
LH1013,BRU,FRA,13:40,320,84
LH1016,FRA,BRU,15:55,320,85
LH1017,BRU,FRA,17:35,320,85
LH102,FRA,MUC,07:45,319,217
LH1026,FRA,CDG,05:40,320,313
LH1027,CDG,FRA,07:45,320,314
LH1028,FRA,CDG,06:40,320,370
LH1029,CDG,FRA,08:40,320,375
LH103,MUC,FRA,09:00,321,308
LH1030,FRA,CDG,08:10,321,176
LH1031,CDG,FRA,10:15,321,177
LH1034,FRA,CDG,10:35,320,401
LH1035,CDG,FRA,12:35,320,402
LH104,FRA,MUC,11:15,321,376
LH1040,FRA,CDG,14:35,320,382
LH1041,CDG,FRA,16:35,320,382
LH1046,FRA,CDG,15:20,319,157
LH1047,CDG,FRA,17:35,319,156
LH105,MUC,FRA,11:00,321,390
LH1050,FRA,CDG,19:40,320,317
LH1051,CDG,FRA,05:20,320,395
LH1052,FRA,CDG,19:50,320,78
LH1054,FRA,NTE,08:55,CR9,211
LH1055,NTE,FRA,11:05,CR9,213
LH1056,FRA,NTE,14:40,CR9,156
LH1057,NTE,FRA,17:35,CR9,160
LH1058,FRA,NCE,05:55,320,369
LH1059,NCE,FRA,08:05,320,369
LH106,FRA,MUC,12:15,319,410
LH1060,FRA,NCE,10:00,320,287
LH1061,NCE,FRA,12:25,320,285
LH1064,FRA,NCE,14:40,319,346
LH1065,NCE,FRA,17:00,320,331
LH1068,FRA,NCE,19:40,319,377
LH1069,NCE,FRA,04:45,319,400
LH107,MUC,FRA,09:30,319,218
LH1072,FRA,SXB,11:35,319,5
LH1073,SXB,FRA,13:05,319,5
LH1074,FRA,LYS,07:45,319,154
LH1075,LYS,FRA,09:40,319,154
LH1076,FRA,LYS,10:20,320,309
LH1077,LYS,FRA,12:35,320,308
LH1078,FRA,LYS,14:50,320,314
LH1079,LYS,FRA,16:55,320,312
LH108,FRA,MUC,15:45,320,256
LH1080,FRA,SXB,10:35,319,22
LH1081,SXB,FRA,12:05,319,22
LH1082,FRA,LYS,20:05,320,359
LH1083,LYS,FRA,04:50,320,361
LH1086,FRA,MRS,06:35,319,298
LH1087,MRS,FRA,09:30,319,298
LH1088,FRA,MRS,14:35,319,364
LH1089,MRS,FRA,17:40,319,363
LH109,MUC,FRA,13:00,321,410
LH1090,FRA,MRS,19:10,320,275
LH1091,MRS,FRA,04:05,320,281
LH1092,FRA,BIA,14:15,321,96
LH1093,BIA,FRA,16:40,321,96
LH1094,FRA,TLS,05:45,CR9,367
LH1095,TLS,FRA,08:05,CR9,370
LH1096,FRA,TLS,10:40,320,186
LH1097,TLS,FRA,13:10,320,184
LH1098,FRA,TLS,15:20,319,115
LH1099,TLS,FRA,17:50,319,108
LH110,FRA,MUC,14:15,319,330
LH1100,FRA,TLS,19:05,319,303
LH1101,TLS,FRA,04:05,319,310
LH1102,FRA,SZG,06:45,319,418
LH1103,SZG,FRA,08:30,319,419
LH1104,FRA,SZG,10:20,CR9,416
LH1105,SZG,FRA,12:10,CR9,418
LH1106,FRA,SZG,15:15,319,296
LH1107,SZG,FRA,17:00,319,295
LH1108,FRA,SZG,19:30,CR9,386
LH1109,SZG,FRA,04:00,CR9,387
LH111,MUC,FRA,14:00,319,380
LH1110,FRA,SCQ,11:50,321,136
LH1111,SCQ,FRA,15:25,321,136
LH1112,FRA,MAD,07:35,321,392
LH1113,MAD,FRA,11:05,321,393
LH1114,FRA,MAD,11:35,321,415
LH1115,MAD,FRA,15:05,321,412
LH1116,FRA,MAD,06:40,320,12
LH1117,MAD,FRA,10:30,320,12
LH1118,FRA,AGP,09:05,321,20
LH1119,AGP,FRA,12:55,321,20
LH112,FRA,MUC,15:15,319,369
LH1120,FRA,MAD,15:10,321,354
LH1121,MAD,FRA,04:00,321,381
LH1122,FRA,MAD,18:45,321,351
LH1123,MAD,FRA,06:35,321,324
LH1124,FRA,BCN,05:30,321,368
LH1125,BCN,FRA,08:20,321,369
LH1126,FRA,BCN,07:50,321,409
LH1127,BCN,FRA,10:50,321,412
LH1128,FRA,BCN,09:00,321,391
LH1129,BCN,FRA,11:50,321,396
LH113,MUC,FRA,17:30,320,254
LH1130,FRA,BCN,11:25,321,363
LH1131,BCN,FRA,14:25,321,364
LH1132,FRA,BCN,12:10,321,371
LH1133,BCN,FRA,15:15,321,375
LH1134,FRA,BCN,14:05,321,291
LH1135,BCN,FRA,16:55,321,236
LH1136,FRA,BCN,15:40,321,279
LH1137,BCN,FRA,06:00,321,374
LH1138,FRA,BCN,19:00,321,391
LH1139,BCN,FRA,04:50,321,346
LH114,FRA,MUC,16:15,320,365
LH1140,FRA,SVQ,06:40,321,310
LH1141,SVQ,FRA,10:25,321,309
LH1142,FRA,BIO,09:10,321,380
LH1143,BIO,FRA,12:10,321,378
LH1144,FRA,BIO,14:10,320,296
LH1145,BIO,FRA,17:05,320,293
LH1146,FRA,BIO,18:40,321,366
LH1147,BIO,FRA,04:45,321,361
LH1148,FRA,AGP,07:25,321,366
LH1149,AGP,FRA,11:15,321,366
LH115,MUC,FRA,16:00,319,360
LH1150,FRA,AGP,11:40,321,350
LH1151,AGP,FRA,15:40,321,351
LH1152,FRA,AGP,18:00,321,91
LH1153,AGP,FRA,03:55,321,91
LH1154,FRA,PMI,03:20,321,74
LH1155,PMI,FRA,06:40,321,74
LH1156,FRA,PMI,07:00,321,112
LH1157,PMI,FRA,10:05,321,114
LH1158,FRA,PMI,11:00,321,322
LH1159,PMI,FRA,14:05,321,327
LH116,FRA,MUC,17:15,319,262
LH1160,FRA,VLC,07:40,321,422
LH1161,VLC,FRA,11:05,321,421
LH1162,FRA,VLC,13:35,321,312
LH1163,VLC,FRA,16:55,321,315
LH1164,FRA,VLC,19:00,321,229
LH1165,VLC,FRA,04:00,321,228
LH1166,FRA,LIS,07:15,321,369
LH1167,LIS,FRA,11:15,321,370
LH1168,FRA,LIS,11:15,321,369
LH1169,LIS,FRA,15:55,321,373
LH117,MUC,FRA,17:00,319,367
LH1170,FRA,LIS,17:55,321,239
LH1171,LIS,FRA,04:05,321,238
LH1172,FRA,LIS,19:20,321,392
LH1173,LIS,FRA,05:00,321,393
LH1174,FRA,ALC,12:20,321,285
LH1175,ALC,FRA,15:50,321,287
LH1176,FRA,OPO,07:25,321,393
LH1177,OPO,FRA,12:30,321,398
LH1178,FRA,OPO,11:55,321,378
LH1179,OPO,FRA,15:35,321,379
LH118,FRA,MUC,18:15,319,413
LH1180,FRA,OPO,18:55,321,376
LH1181,OPO,FRA,05:00,321,373
LH1182,FRA,ZRH,04:40,319,241
LH1183,ZRH,FRA,06:15,319,241
LH1184,FRA,ZRH,06:25,320,128
LH1185,ZRH,FRA,08:00,320,129
LH1186,FRA,ZRH,07:45,319,416
LH1187,ZRH,FRA,09:20,319,417
LH1188,FRA,ZRH,09:25,320,29
LH1189,ZRH,FRA,11:30,320,29
LH119,MUC,FRA,18:00,319,360
LH1190,FRA,ZRH,11:10,CR9,314
LH1191,ZRH,FRA,13:45,CR9,322
LH1196,FRA,ZRH,14:30,319,293
LH1197,ZRH,FRA,16:05,319,294
LH1198,FRA,ZRH,16:20,320,383
LH1199,ZRH,FRA,18:00,320,382
LH120,FRA,MUC,18:15,319,260
LH1200,FRA,BSL,05:00,CR9,201
LH1201,BSL,FRA,06:25,CR9,202
LH1202,FRA,BSL,08:05,CR9,314
LH1203,BSL,FRA,09:30,CR9,315
LH1204,FRA,BSL,11:20,CR9,116
LH1205,BSL,FRA,13:10,CR9,117
LH1206,FRA,BSL,16:20,CR9,86
LH1207,BSL,FRA,18:00,CR9,84
LH1208,FRA,BSL,19:40,CR9,83
LH1209,BSL,FRA,04:00,E90,30
LH121,MUC,FRA,18:00,320,157
LH1211,BSL,FRA,05:50,CR9,49
LH1212,FRA,GVA,06:05,CR9,207
LH1213,GVA,FRA,07:45,320,208
LH1216,FRA,GVA,11:00,CR9,183
LH1217,GVA,FRA,12:50,CR9,185
LH1218,FRA,GVA,13:50,319,86
LH1219,GVA,FRA,15:45,319,85
LH122,FRA,MUC,19:15,321,304
LH1220,FRA,SZG,04:45,CR9,206
LH1221,SZG,FRA,06:20,CR9,203
LH1224,FRA,GVA,19:50,CR9,174
LH1225,GVA,FRA,05:55,CR9,168
LH123,MUC,FRA,19:30,319,331
LH124,FRA,MUC,20:15,320,306
LH1242,FRA,VIE,16:10,320,361
LH1243,VIE,FRA,18:20,320,361
LH125,MUC,FRA,05:00,320,29
LH1250,FRA,PMI,13:15,320,2
LH1251,PMI,FRA,16:20,320,2
LH1256,FRA,HER,10:00,321,5
LH1257,HER,FRA,14:00,321,5
LH1258,FRA,RHO,11:05,320,4
LH1259,RHO,FRA,15:15,320,4
LH126,FRA,STR,05:05,319,287
LH127,STR,FRA,04:10,319,403
LH1276,FRA,MLA,09:25,321,87
LH1277,MLA,FRA,12:50,321,87
LH1278,FRA,ATH,05:00,321,237
LH1279,ATH,FRA,08:40,321,238
LH128,FRA,STR,07:35,CR9,407
LH1280,FRA,ATH,07:25,321,333
LH1281,ATH,FRA,11:05,321,336
LH1282,FRA,ATH,11:40,321,411
LH1283,ATH,FRA,15:35,321,365
LH1284,FRA,ATH,19:40,321,368
LH1285,ATH,FRA,03:45,321,419
LH1286,FRA,SKG,12:30,321,242
LH1287,SKG,FRA,16:00,320,242
LH1292,FRA,LCA,09:05,321,332
LH1293,LCA,FRA,13:50,321,335
LH1294,FRA,LCA,19:20,321,90
LH1295,LCA,FRA,00:05,321,88
LH1298,FRA,IST,07:00,321,325
LH1299,IST,FRA,11:00,321,298
LH130,FRA,STR,11:40,319,367
LH1300,FRA,IST,11:00,321,331
LH1301,IST,FRA,14:55,321,323
LH1304,FRA,IST,16:40,321,384
LH1305,IST,FRA,03:10,321,425
LH1306,FRA,BEY,08:45,321,129
LH1307,BEY,FRA,13:50,321,131
LH1308,FRA,BEY,17:00,321,171
LH1309,LCA,FRA,00:20,321,170
LH131,STR,FRA,06:30,319,287
LH1310,FRA,MLA,07:15,321,355
LH1311,MLA,FRA,10:40,321,355
LH1312,FRA,MLA,11:35,321,281
LH1313,MLA,FRA,15:00,321,280
LH1314,FRA,MLA,18:10,321,217
LH1315,MLA,FRA,03:50,321,216
LH1316,FRA,ALG,07:30,320,205
LH1317,ALG,FRA,11:25,320,205
LH1318,FRA,ALG,20:00,320,246
LH1319,ALG,FRA,00:50,320,242
LH132,FRA,STR,15:10,CR9,359
LH1322,FRA,TUN,07:25,320,230
LH1323,TUN,FRA,10:45,320,229
LH1324,FRA,TUN,14:00,320,45
LH1325,TUN,FRA,17:10,320,45
LH1326,FRA,TUN,19:50,321,298
LH1327,TUN,FRA,00:50,321,297
LH1328,FRA,CMN,08:55,321,21
LH1329,CMN,FRA,15:20,321,21
LH133,STR,FRA,08:55,CR9,379
LH1330,FRA,CMN,19:50,320,306
LH1331,CMN,FRA,00:25,320,306
LH1334,FRA,BUD,05:05,320,406
LH1335,BUD,FRA,07:25,320,407
LH1336,FRA,BUD,07:15,320,415
LH1337,BUD,FRA,09:35,320,414
LH1338,FRA,BUD,09:50,320,420
LH1339,BUD,FRA,12:20,320,421
LH1340,FRA,BUD,14:45,319,286
LH1341,BUD,FRA,17:05,319,287
LH1342,FRA,BUD,20:15,320,401
LH1343,BUD,FRA,04:00,320,404
LH1344,FRA,BUD,15:20,319,47
LH1345,BUD,FRA,17:35,319,47
LH1346,FRA,WAW,05:15,320,367
LH1347,WAW,FRA,07:40,320,366
LH1348,FRA,WAW,10:00,319,422
LH1349,WAW,FRA,12:20,319,424
LH135,STR,FRA,13:20,319,367
LH1350,FRA,WAW,14:40,321,370
LH1351,WAW,FRA,17:25,321,369
LH1352,FRA,WAW,20:00,320,415
LH1353,WAW,FRA,04:40,320,416
LH136,FRA,STR,20:05,319,375
LH1360,FRA,BZG,10:20,CR9,183
LH1361,BZG,FRA,12:35,CR9,182
LH1362,FRA,KRK,07:00,320,304
LH1363,KRK,FRA,09:15,320,301
LH1364,FRA,KRK,08:35,320,327
LH1365,KRK,FRA,11:05,320,332
LH1366,FRA,KRK,09:50,319,272
LH1367,KRK,FRA,12:05,319,274
LH1368,FRA,KRK,14:50,320,413
LH1369,KRK,FRA,17:20,320,410
LH137,STR,FRA,16:55,CR9,361
LH1370,FRA,KRK,20:10,320,394
LH1371,KRK,FRA,04:10,320,396
LH1372,FRA,WRO,11:05,CR9,80
LH1373,WRO,FRA,13:00,CR9,80
LH1374,FRA,WRO,21:10,CR9,117
LH1375,WRO,FRA,05:30,CR9,115
LH1376,FRA,GDN,11:15,CR9,109
LH1377,GDN,FRA,13:15,CR9,110
LH1378,FRA,GDN,10:20,CR9,412
LH1379,GDN,FRA,05:15,CR9,411
LH1380,FRA,GDN,20:20,CR9,234
LH1381,GDN,FRA,04:30,CR9,231
LH1382,FRA,GDN,18:20,CR9,320
LH1383,GDN,FRA,04:25,CR9,322
LH1384,FRA,KTW,05:55,319,144
LH1385,KTW,FRA,08:10,319,143
LH1386,FRA,POZ,06:50,319,296
LH1387,POZ,FRA,08:40,319,295
LH1388,FRA,POZ,10:50,CR9,390
LH1389,POZ,FRA,12:50,CR9,392
LH1390,FRA,POZ,19:20,CR9,408
LH1391,POZ,FRA,04:25,CR9,403
LH1392,FRA,PRG,06:40,320,340
LH1393,PRG,FRA,08:25,320,341
LH1394,FRA,PRG,07:55,320,374
LH1395,PRG,FRA,09:40,320,374
LH1396,FRA,PRG,10:40,319,419
LH1397,PRG,FRA,12:30,319,422
LH1398,FRA,PUY,15:00,E90,20
LH1399,PUY,FRA,17:20,E90,21
LH140,FRA,NUE,05:00,319,311
LH1400,FRA,PRG,14:50,320,312
LH1401,PRG,FRA,16:40,320,308
LH1402,FRA,PRG,20:15,321,415
LH1403,PRG,FRA,04:00,321,412
LH1404,FRA,ZAG,20:15,319,396
LH1405,ZAG,FRA,04:05,319,401
LH1406,FRA,ZAG,10:50,319,400
LH1407,ZAG,FRA,13:00,319,396
LH1408,FRA,RJK,07:40,321,35
LH1409,RJK,FRA,09:50,321,35
LH141,NUE,FRA,06:30,319,22
LH1410,FRA,BEG,09:15,320,385
LH1411,BEG,FRA,11:40,320,384
LH1412,FRA,BEG,12:00,320,203
LH1413,BEG,FRA,14:50,320,206
LH1414,FRA,BEG,20:00,320,399
LH1415,BEG,FRA,04:10,320,402
LH1416,FRA,OTP,11:30,320,182
LH1417,OTP,FRA,14:45,320,183
LH1418,FRA,OTP,07:40,320,417
LH1419,OTP,FRA,10:55,320,417
LH142,FRA,NUE,08:25,CR9,406
LH1420,FRA,OTP,12:35,319,261
LH1421,OTP,FRA,15:40,319,264
LH1422,FRA,OTP,18:10,320,419
LH1423,OTP,FRA,03:00,320,418
LH1424,FRA,SOF,06:05,321,257
LH1425,SOF,FRA,09:00,321,258
LH1426,FRA,SOF,07:55,320,403
LH1427,SOF,FRA,10:50,320,402
LH1428,FRA,SOF,12:40,320,282
LH1429,SOF,FRA,15:40,320,282
LH143,NUE,FRA,05:25,319,394
LH1430,FRA,SOF,17:40,320,373
LH1431,SOF,FRA,03:15,320,371
LH144,FRA,NUE,11:35,319,369
LH145,NUE,FRA,06:30,319,294
LH1454,FRA,TIA,09:15,321,390
LH1455,TIA,FRA,12:15,321,389
LH1456,FRA,TIA,19:00,321,326
LH1457,TIA,FRA,04:40,321,326
LH1458,FRA,LJU,06:25,CR9,412
LH1459,LJU,FRA,08:10,CR9,411
LH146,FRA,NUE,15:00,319,29
LH1460,FRA,LJU,10:10,CR9,411
LH1461,LJU,FRA,05:30,CR9,409
LH1462,FRA,LJU,18:50,CR9,232
LH1463,LJU,FRA,04:40,CR9,236
LH1464,FRA,VLC,14:10,320,41
LH1465,VLC,FRA,17:30,320,41
LH1466,FRA,IBZ,11:00,321,34
LH1467,IBZ,FRA,14:10,321,34
LH1468,FRA,TIV,13:45,319,59
LH1469,TIV,FRA,16:25,319,57
LH147,NUE,FRA,09:35,CR9,402
LH148,FRA,NUE,16:20,CR9,368
LH149,NUE,FRA,13:15,319,399
LH1494,FRA,FAO,05:45,321,2
LH1495,FAO,FRA,09:45,321,2
LH1496,FRA,FAO,08:25,321,143
LH1497,FAO,FRA,12:25,321,143
LH1498,FRA,FAO,10:25,321,243
LH1499,FAO,FRA,14:25,321,243
LH150,FRA,NUE,20:15,319,369
LH1500,FRA,VLC,11:05,321,4
LH1501,VLC,FRA,14:20,321,4
LH152,FRA,LEJ,06:50,E95,31
LH1526,FRA,EDI,15:05,320,29
LH1527,EDI,FRA,17:50,320,30
LH153,NUE,FRA,17:45,CR9,371
LH154,FRA,LEJ,05:05,319,211
LH1540,FRA,SKP,10:00,319,355
LH1541,SKP,FRA,13:40,320,328
LH1542,FRA,SKP,18:10,319,133
LH1543,SKP,FRA,04:15,319,159
LH1544,FRA,SJJ,08:05,320,279
LH1545,SJJ,FRA,10:30,320,280
LH1546,FRA,SJJ,18:40,320,311
LH1547,SJJ,FRA,04:15,320,307
LH1548,FRA,PDL,07:55,321,63
LH1549,PDL,FRA,13:30,321,63
LH1552,FRA,OVD,11:35,320,106
LH1553,OVD,FRA,14:55,320,106
LH1556,FRA,RMO,18:10,319,18
LH1557,RMO,FRA,02:35,319,17
LH1558,FRA,RMO,08:10,319,298
LH1559,RMO,FRA,11:10,319,295
LH156,FRA,LEJ,06:50,CR9,401
LH1560,FRA,EVN,19:15,320,416
LH1561,EVN,FRA,00:35,320,415
LH157,LEJ,FRA,04:10,319,411
LH158,FRA,LEJ,11:25,319,387
LH159,LEJ,FRA,06:50,320,239
LH1591,HKG,FRA,19:35,747,1
LH160,FRA,LEJ,16:10,CR9,361
LH161,LEJ,FRA,08:25,CR9,384
LH163,LEJ,FRA,13:10,319,354
LH164,FRA,LEJ,20:15,319,382
LH165,LEJ,FRA,16:45,CR9,348
LH170,FRA,BER,04:15,320,215
LH171,BER,FRA,04:45,321,246
LH172,FRA,BER,04:45,321,253
LH173,BER,FRA,05:15,320,290
LH174,FRA,BER,05:45,320,409
LH175,BER,FRA,05:45,321,406
LH176,FRA,BER,06:45,320,389
LH177,BER,FRA,07:40,320,297
LH178,FRA,BER,08:45,321,379
LH179,BER,FRA,06:45,320,168
LH180,FRA,BER,09:45,319,322
LH181,BER,FRA,07:45,320,404
LH182,FRA,BER,09:45,321,278
LH183,BER,FRA,08:45,320,388
LH184,FRA,BER,11:45,320,403
LH185,BER,FRA,10:40,321,379
LH186,FRA,BER,12:45,320,375
LH187,BER,FRA,11:40,319,322
LH188,FRA,BER,12:45,319,163
LH189,BER,FRA,11:45,321,279
LH190,FRA,BER,14:45,320,342
LH191,BER,FRA,13:40,320,374
LH192,FRA,BER,15:45,320,362
LH193,BER,FRA,17:15,320,377
LH194,FRA,BER,15:45,320,364
LH195,BER,FRA,14:45,319,189
LH196,FRA,BER,17:45,319,215
LH197,BER,FRA,16:40,320,342
LH198,FRA,BER,17:45,321,266
LH199,BER,FRA,17:40,320,360
LH200,FRA,BER,18:15,320,235
LH201,BER,FRA,17:45,320,332
LH202,FRA,BER,20:15,321,407
LH203,BER,FRA,18:45,319,148
LH206,FRA,DRS,07:25,319,416
LH207,DRS,FRA,04:05,CR9,412
LH210,FRA,DRS,11:30,CR9,359
LH211,DRS,FRA,09:00,319,385
LH214,FRA,DRS,16:20,319,351
LH215,DRS,FRA,13:15,CR9,361
LH216,FRA,DRS,20:15,CR9,384
LH219,DRS,FRA,18:05,319,348
LH220,FRA,HDF,14:10,CR9,15
LH221,HDF,FRA,16:10,CR9,15
LH222,FRA,GWT,14:15,319,75
LH223,GWT,FRA,16:15,319,74
LH230,FRA,FCO,05:20,321,383
LH2300,MUC,AMS,04:30,220,146
LH2301,AMS,MUC,06:45,220,230
LH2302,MUC,AMS,07:00,319,382
LH2303,AMS,MUC,09:15,319,380
LH2304,MUC,AMS,11:25,320,390
LH2305,AMS,MUC,13:40,320,385
LH2306,MUC,AMS,12:40,320,294
LH2307,AMS,MUC,14:55,320,292
LH2308,MUC,AMS,16:45,320,346
LH2309,AMS,MUC,19:00,320,341
LH231,FCO,FRA,08:00,321,384
LH2310,MUC,AMS,18:20,320,387
LH2311,AMS,MUC,05:00,320,301
LH2316,MUC,FRA,07:40,CR9,1
LH232,FRA,FCO,08:40,321,423
LH233,FCO,FRA,11:20,321,424
LH234,FRA,FCO,10:00,320,237
LH235,FCO,FRA,12:40,320,238
LH236,FRA,FCO,14:00,320,331
LH237,FCO,FRA,16:40,320,328
LH238,FRA,FCO,15:05,320,99
LH239,FCO,FRA,17:45,320,99
LH242,FRA,FCO,19:50,321,418
LH243,FCO,FRA,06:05,321,419
LH246,FRA,MXP,05:05,320,326
LH247,MXP,FRA,07:10,320,395
LH248,FRA,MXP,07:20,319,355
LH2481,LHR,FRA,19:40,320,1
LH249,MXP,FRA,09:15,319,288
LH254,FRA,MXP,14:40,319,205
LH255,MXP,FRA,16:50,319,205
LH256,FRA,MXP,15:25,320,126
LH257,MXP,FRA,17:30,320,127
LH2607,CDG,FRA,06:43,321,1
LH266,FRA,OLB,05:10,320,8
LH267,OLB,FRA,10:40,320,8
LH270,FRA,LIN,06:45,319,13
LH271,LIN,FRA,08:35,319,13
LH272,FRA,LIN,08:45,319,227
LH273,LIN,FRA,10:45,319,227
LH274,FRA,LIN,14:40,319,181
LH275,LIN,FRA,16:50,319,182
LH276,FRA,LIN,14:15,E90,28
LH277,LIN,FRA,16:10,E90,29
LH278,FRA,LIN,18:50,319,420
LH279,LIN,FRA,05:00,319,422
LH280,FRA,LIN,11:35,CR9,383
LH281,LIN,FRA,13:30,CR9,385
LH282,FRA,BLQ,07:10,319,123
LH283,BLQ,FRA,09:15,319,122
LH284,FRA,BLQ,11:25,319,117
LH285,BLQ,FRA,13:35,319,116
LH286,FRA,BLQ,14:25,E90,26
LH287,BLQ,FRA,16:35,E90,25
LH288,FRA,BLQ,14:10,319,186
LH289,BLQ,FRA,16:20,319,186
LH290,FRA,BLQ,21:00,320,98
LH291,BLQ,FRA,05:25,320,96
LH292,FRA,TRN,10:10,E90,29
LH293,TRN,FRA,12:10,E90,31
LH296,FRA,TRN,18:40,E90,17
LH297,TRN,FRA,04:00,E90,17
LH304,FRA,SUF,06:20,319,64
LH305,SUF,FRA,09:25,319,64
LH306,FRA,CTA,04:40,321,218
LH307,CTA,FRA,08:00,321,217
LH308,FRA,CTA,11:15,321,217
LH309,CTA,FRA,14:45,321,218
LH311,CTA,FRA,05:30,321,1
LH318,FRA,TRS,11:35,319,1
LH319,TRS,FRA,06:00,319,1
LH320,FRA,OLB,13:40,321,251
LH321,OLB,FRA,16:30,321,251
LH322,FRA,PMO,06:25,321,153
LH323,PMO,FRA,09:25,321,153
LH324,FRA,VCE,06:50,320,368
LH325,VCE,FRA,08:55,320,368
LH326,FRA,VCE,10:30,319,317
LH327,VCE,FRA,12:40,319,317
LH328,FRA,VCE,14:40,320,366
LH329,VCE,FRA,16:45,320,368
LH330,FRA,VCE,15:50,320,295
LH331,VCE,FRA,18:00,320,291
LH332,FRA,VCE,19:40,320,418
LH333,VCE,FRA,04:00,320,419
LH334,FRA,NAP,08:25,320,368
LH335,NAP,FRA,11:15,320,370
LH336,FRA,NAP,13:55,321,232
LH337,NAP,FRA,16:50,321,231
LH338,FRA,NAP,18:35,320,277
LH339,NAP,FRA,04:40,320,278
LH340,FRA,CAG,14:30,320,129
LH341,CAG,FRA,17:25,320,129
LH342,FRA,LPA,12:25,319,26
LH343,LPA,FRA,09:00,319,13
LH344,FRA,DTM,11:15,319,2
LH345,CGN,FRA,08:55,319,9
LH347,DTM,FRA,17:00,319,2
LH350,FRA,BRE,04:55,CR9,290
LH351,BRE,FRA,04:20,319,378
LH352,FRA,BRE,08:05,CR9,385
LH353,BRE,FRA,06:25,CR9,293
LH354,FRA,BRE,11:40,319,372
LH355,BRE,FRA,09:35,CR9,385
LH356,FRA,BRE,15:10,CR9,365
LH357,BRE,FRA,12:50,319,371
LH359,BRE,FRA,16:30,CR9,365
LH360,FRA,BRE,20:40,319,378
LH390,FRA,LUX,04:50,CR9,277
LH391,LUX,FRA,06:15,CR9,278
LH396,FRA,LUX,15:20,CR9,58
LH397,LUX,FRA,16:55,CR9,56
LH400,FRA,JFK,08:55,346,424
LH401,JFK,FRA,19:45,346,406
LH402,FRA,EWR,12:30,747,415
LH403,EWR,FRA,22:00,747,408
LH404,FRA,JFK,15:15,343,327
LH405,JFK,FRA,01:50,343,325
LH408,FRA,RDU,08:20,333,254
LH409,RDU,FRA,19:40,333,248
LH416,FRA,IAD,08:30,343,158
LH417,IAD,FRA,19:25,343,150
LH418,FRA,IAD,11:55,747,413
LH419,IAD,FRA,22:10,747,407
LH420,FRA,BOS,15:40,343,207
LH421,BOS,FRA,02:00,343,207
LH422,FRA,BOS,11:30,346,408
LH423,BOS,FRA,21:50,346,392
LH430,FRA,ORD,09:50,747,419
LH431,ORD,FRA,21:00,747,404
LH432,FRA,ORD,15:20,343,318
LH433,ORD,FRA,03:30,343,316
LH438,FRA,DFW,08:10,343,351
LH439,DFW,FRA,20:50,343,343
LH440,FRA,IAH,08:00,747,411
LH441,IAH,FRA,22:30,747,397
LH442,FRA,DTW,09:10,343,395
LH443,DTW,FRA,20:00,343,381
LH444,FRA,ATL,08:15,333,383
LH445,ATL,FRA,20:05,333,372
LH446,FRA,DEN,11:30,350,354
LH447,DEN,FRA,23:59,350,348
LH448,FRA,STL,08:40,333,190
LH449,STL,FRA,20:30,333,182
LH450,FRA,LAX,11:50,343,140
LH451,LAX,FRA,01:40,343,141
LH454,FRA,SFO,08:25,747,419
LH455,SFO,FRA,21:40,747,406
LH456,FRA,LAX,08:30,747,414
LH457,LAX,FRA,21:55,747,405
LH462,FRA,MIA,08:45,747,423
LH463,MIA,FRA,20:40,747,411
LH468,FRA,AUS,08:05,333,247
LH469,AUS,FRA,21:05,333,236
LH470,FRA,YYZ,12:00,744,420
LH471,YYZ,FRA,23:15,744,406
LH478,FRA,YUL,12:20,787,191
LH479,YUL,FRA,22:05,787,186
LH482,FRA,MSP,10:15,787,58
LH483,MSP,FRA,21:20,787,55
LH490,FRA,SEA,08:45,343,353
LH491,SEA,FRA,21:20,343,342
LH492,FRA,YVR,09:40,744,406
LH493,YVR,FRA,23:15,744,395
LH497,DEN,FRA,00:45,346,1
LH498,FRA,MEX,12:40,747,421
LH499,MEX,FRA,01:50,747,423
LH500,FRA,GIG,20:15,787,252
LH501,GIG,FRA,19:15,787,243
LH506,FRA,GRU,20:05,747,426
LH507,GRU,FRA,21:15,747,409
LH510,FRA,EZE,21:05,747,424
LH511,EZE,FRA,19:40,747,408
LH518,FRA,SJO,11:35,343,183
LH519,SJO,FRA,02:40,343,184
LH542,FRA,BOG,12:45,787,301
LH543,BOG,FRA,04:30,787,301
LH560,FRA,LAD,19:55,343,165
LH561,LAD,FRA,21:00,343,157
LH568,FRA,LOS,09:30,333,296
LH569,LOS,FRA,22:10,333,286
LH572,FRA,JNB,20:05,747,427
LH573,JNB,FRA,17:00,747,408
LH576,FRA,CPT,21:15,343,273
LH577,CPT,FRA,16:05,343,258
LH579,CPT,FRA,10:15,343,3
LH580,FRA,CAI,13:00,321,82
LH581,CAI,FRA,23:45,321,174
LH582,FRA,CAI,08:05,321,327
LH583,CAI,FRA,13:25,321,327
LH584,FRA,CAI,20:00,321,311
LH585,CAI,FRA,01:55,321,214
LH589,CPT,FRA,16:45,343,2
LH590,FRA,NBO,09:25,333,335
LH591,NBO,FRA,19:55,333,325
LH593,NBO,FRA,06:00,343,1
LH594,FRA,ABV,09:15,343,298
LH595,ABV,FRA,21:20,343,288
LH600,FRA,IKA,12:20,343,73
LH601,IKA,FRA,22:10,343,72
LH612,FRA,GYD,14:40,320,331
LH613,GYD,FRA,22:20,320,328
LH622,FRA,RUH,11:15,346,387
LH623,RUH,FRA,23:00,346,369
LH630,FRA,DXB,12:30,333,386
LH631,DXB,FRA,20:50,333,373
LH646,FRA,NQZ,22:15,333,162
LH648,FRA,ALA,23:10,343,161
LH650,FRA,ALA,11:10,333,43
LH651,ALA,FRA,22:15,333,41
LH686,FRA,TLV,09:20,321,300
LH687,TLV,FRA,14:35,321,302
LH690,FRA,TLV,16:00,321,244
LH691,TLV,FRA,01:45,321,239
LH692,FRA,AMM,15:40,321,294
LH693,AMM,FRA,00:30,321,292
LH694,FRA,TLV,13:10,321,60
LH695,TLV,FRA,05:05,321,63
LH712,FRA,ICN,13:30,350,379
LH713,ICN,FRA,03:25,350,379
LH716,FRA,HND,11:55,747,410
LH717,HND,FRA,02:45,747,411
LH728,FRA,PVG,14:15,744,257
LH729,PVG,FRA,04:00,346,260
LH732,FRA,PVG,19:05,350,240
LH733,PVG,FRA,15:50,350,231
LH752,FRA,HYD,11:05,787,315
LH753,HYD,FRA,21:40,787,305
LH754,FRA,BLR,10:55,744,419
LH755,BLR,FRA,21:30,744,408
LH756,FRA,BOM,11:10,343,422
LH757,BOM,FRA,21:25,343,409
LH758,FRA,MAA,09:10,343,310
LH759,MAA,FRA,20:25,343,301
LH760,FRA,DEL,11:10,343,417
LH761,DEL,FRA,21:25,343,409
LH763,DEL,FRA,22:56,388,1
LH778,FRA,SIN,20:45,747,88
LH779,SIN,FRA,15:55,747,86
LH780,FRA,SIN,19:55,744,334
LH781,SIN,FRA,15:40,744,324
LH796,FRA,HKG,19:40,346,408
LH797,HKG,FRA,15:25,346,394
LH800,FRA,ARN,05:10,320,310
LH801,ARN,FRA,08:00,320,309
LH802,FRA,ARN,08:25,320,423
LH803,ARN,FRA,11:10,320,423
LH804,FRA,ARN,13:20,320,385
LH805,ARN,FRA,14:55,320,385
LH806,FRA,ARN,14:20,320,412
LH807,ARN,FRA,17:10,320,411
LH808,FRA,ARN,18:30,321,192
LH809,ARN,FRA,05:05,321,191
LH810,FRA,ARN,19:50,321,389
LH811,ARN,FRA,04:05,321,390
LH812,FRA,GOT,05:40,CR9,209
LH813,GOT,FRA,08:00,CR9,208
LH814,FRA,GOT,07:35,320,270
LH815,GOT,FRA,09:50,320,269
LH8152,FRA,DUB,03:05,77L,3
LH8153,DUB,FRA,15:00,77L,3
LH816,FRA,GOT,10:35,320,362
LH8160,FRA,JFK,17:35,77L,18
LH8161,JFK,FRA,05:30,77L,18
LH8162,FRA,JFK,07:50,77L,4
LH8163,JFK,FRA,03:00,77L,5
LH817,GOT,FRA,12:55,320,361
LH8174,FRA,ATL,13:00,77L,1
LH8175,ATL,FRA,01:20,77L,1
LH818,FRA,GOT,14:40,319,333
LH8188,FRA,ORD,16:35,77L,42
LH8189,ORD,FRA,04:15,77L,44
LH819,GOT,FRA,17:00,319,329
LH820,FRA,GOT,20:15,321,396
LH821,GOT,FRA,04:10,321,395
LH8210,FRA,ATL,14:00,77L,1
LH8211,ATL,FRA,11:00,77L,1
LH8220,FRA,NLU,16:30,77L,48
LH8221,NLU,FRA,07:10,77L,48
LH8222,FRA,NLU,12:00,77L,119
LH8223,MTY,FRA,04:30,77L,120
LH8224,FRA,NLU,10:15,77L,209
LH8225,GDL,FRA,03:55,77L,211
LH824,FRA,CPH,05:20,321,411
LH825,CPH,FRA,07:35,321,412
LH826,FRA,CPH,08:10,320,393
LH8260,FRA,VCP,14:25,77L,8
LH8261,VCP,FRA,07:50,77L,8
LH8262,FRA,CWB,12:55,77L,101
LH8263,VCP,FRA,06:20,77L,98
LH8264,FRA,VCP,18:55,77L,116
LH8265,EZE,FRA,18:40,77L,118
LH827,CPH,FRA,10:20,320,393
LH828,FRA,CPH,10:45,320,397
LH8286,FRA,NBO,09:30,77L,7
LH8287,NBO,FRA,20:00,77L,6
LH829,CPH,FRA,13:00,320,396
LH8290,FRA,TLV,15:15,77L,161
LH8291,CAI,FRA,01:20,77L,164
LH8292,FRA,CAI,19:15,77L,28
LH8293,CAI,FRA,04:00,77L,28
LH8294,FRA,CAI,05:50,321,80
LH8295,CAI,FRA,11:30,321,79
LH8296,FRA,CAI,05:50,77L,4
LH8297,CAI,FRA,03:00,77L,4
LH830,FRA,CPH,15:00,320,396
LH8300,FRA,MLA,19:40,321,83
LH8301,TUN,FRA,02:00,321,83
LH8302,FRA,MLA,19:40,321,26
LH8303,MXP,FRA,02:45,321,26
LH8304,FRA,MLA,18:35,321,30
LH8305,MXP,FRA,01:45,321,30
LH8306,FRA,CMN,07:40,321,108
LH8307,MAD,FRA,15:50,321,111
LH831,CPH,FRA,17:10,320,394
LH8312,FRA,BHX,17:05,321,1
LH8313,KEF,FRA,00:05,321,1
LH8316,FRA,EVN,06:00,321,84
LH8317,EVN,FRA,11:35,321,87
LH8318,FRA,KTW,12:20,321,44
LH8319,KTW,FRA,15:25,321,47
LH832,FRA,CPH,21:00,321,412
LH8320,FRA,BHX,18:40,321,267
LH8321,DUB,FRA,01:20,321,268
LH8322,FRA,BHX,10:15,321,1
LH8323,BHX,FRA,01:20,321,2
LH8324,FRA,ARN,18:30,321,58
LH8325,HEL,FRA,00:30,321,56
LH8326,FRA,SVG,09:30,321,27
LH8327,CPH,FRA,15:10,321,27
LH8328,FRA,RIX,18:30,321,52
LH8329,HEL,FRA,00:30,321,51
LH833,CPH,FRA,04:10,321,410
LH8330,FRA,KEF,05:00,321,1
LH8331,KEF,FRA,10:05,321,1
LH8342,FRA,LCA,06:00,321,168
LH8343,ATH,FRA,13:45,321,169
LH8344,FRA,IST,08:00,321,81
LH8345,IST,FRA,12:20,321,76
LH8346,FRA,IST,18:20,321,299
LH8347,IST,FRA,00:05,321,306
LH8350,FRA,TLV,06:15,321,120
LH8351,TLV,FRA,11:35,321,122
LH8352,FRA,TLV,06:55,77L,6
LH8353,TLV,FRA,12:45,77L,6
LH8354,FRA,BEY,04:45,321,27
LH8355,IST,FRA,13:10,321,27
LH836,FRA,BLL,07:40,319,170
LH8360,FRA,BOM,05:40,77L,55
LH8361,MAA,FRA,20:10,77L,49
LH8362,FRA,BOM,16:00,77L,6
LH8363,BOM,FRA,02:50,77L,4
LH837,BLL,FRA,09:35,319,171
LH8370,FRA,DEL,18:35,77L,4
LH8371,DEL,FRA,04:40,77L,5
LH8374,FRA,MAA,06:45,77L,60
LH8375,HYD,FRA,21:35,77L,55
LH8377,MAA,FRA,19:00,77L,1
LH8378,FRA,ALA,12:50,77L,1
LH8379,ALA,FRA,11:15,77L,1
LH838,FRA,BLL,10:40,CR9,409
LH8382,FRA,NRT,20:15,77L,49
LH8383,ICN,FRA,15:55,77L,47
LH8384,FRA,NRT,20:15,77L,152
LH8385,ICN,FRA,17:25,77L,147
LH8386,FRA,NRT,20:10,77L,157
LH8387,ICN,FRA,17:25,77L,153
LH8389,NRT,FRA,13:10,77L,2
LH839,BLL,FRA,13:00,CR9,411
LH840,FRA,BLL,14:45,CR9,290
LH8400,FRA,PVG,11:15,77L,366
LH8401,PVG,FRA,00:20,77L,372
LH8402,FRA,PVG,06:00,77L,120
LH8403,PVG,FRA,19:25,77L,119
LH8404,FRA,PVG,06:00,77L,132
LH8405,DWC,FRA,09:10,77L,129
LH841,BLL,FRA,16:45,CR9,290
LH8410,FRA,CTU,07:40,77L,113
LH8411,CTU,FRA,20:10,77L,113
LH8412,FRA,CTU,07:10,77L,167
LH8413,CTU,FRA,18:50,77L,162
LH8414,FRA,CTU,02:45,77L,1
LH8415,CTU,FRA,16:45,77L,1
LH842,FRA,BLL,21:00,CR9,411
LH8428,FRA,PVG,06:00,77L,9
LH8429,HYD,FRA,04:15,77L,9
LH843,BLL,FRA,04:00,CR9,410
LH8430,FRA,PEK,08:15,77L,260
LH8431,PEK,FRA,21:25,77L,257
LH844,FRA,KEF,09:20,321,145
LH8440,FRA,CGO,08:30,77L,169
LH8441,CGO,FRA,21:55,77L,165
LH8442,FRA,SZX,07:00,77L,106
LH8443,DWC,FRA,07:20,77L,108
LH8444,FRA,SZX,07:00,77L,3
LH8445,HYD,FRA,03:55,77L,3
LH8446,FRA,CGO,08:20,77L,2
LH8447,CGO,FRA,01:05,77L,2
LH845,KEF,FRA,14:20,321,143
LH8450,FRA,HKG,18:40,77L,4
LH846,FRA,KEF,19:50,320,193
LH8460,FRA,HKG,19:20,77L,119
LH8461,IST,FRA,00:15,77L,123
LH8462,FRA,HKG,19:05,77L,50
LH8463,IST,FRA,00:15,77L,47
LH8466,FRA,BOM,06:00,77L,5
LH8467,HKG,FRA,14:55,77L,32
LH8468,FRA,DWC,13:45,77L,1
LH847,KEF,FRA,00:25,320,192
LH8470,FRA,HKG,17:10,77L,13
LH8471,HKG,FRA,07:05,77L,14
LH8472,FRA,HKG,06:30,77L,29
LH8473,IST,FRA,09:55,77L,16
LH8474,FRA,HKG,19:20,77L,17
LH8475,DWC,FRA,21:15,77L,12
LH848,FRA,HEL,07:25,321,415
LH8480,FRA,TPE,07:50,77L,50
LH8481,DWC,FRA,09:50,77L,35
LH8483,HYD,FRA,05:20,77L,4
LH8489,TPE,FRA,13:30,77L,10
LH849,HEL,FRA,10:35,321,416
LH850,FRA,HEL,11:15,321,322
LH8500,FRA,CMN,06:30,321,2
LH8501,CMN,FRA,11:25,321,2
LH8502,FRA,KTW,11:00,321,3
LH8503,MAD,FRA,15:40,321,4
LH851,HEL,FRA,14:40,321,321
LH852,FRA,RVN,07:45,321,73
LH853,RVN,FRA,03:35,321,74
LH854,FRA,HEL,20:50,320,365
LH855,HEL,FRA,03:10,320,361
LH856,FRA,KEF,09:50,321,60
LH857,KEF,FRA,14:55,321,60
LH858,FRA,OSL,05:00,321,354
LH859,OSL,FRA,07:50,321,354
LH860,FRA,OSL,08:15,320,412
LH861,OSL,FRA,11:00,320,411
LH862,FRA,OSL,11:40,320,402
LH863,OSL,FRA,14:30,320,404
LH864,FRA,OSL,14:00,319,359
LH865,OSL,FRA,16:45,319,359
LH866,FRA,OSL,19:50,320,373
LH867,OSL,FRA,04:35,320,371
LH868,FRA,SVG,08:25,319,265
LH869,SVG,FRA,11:15,319,265
LH870,FRA,SVG,19:00,321,281
LH871,SVG,FRA,05:05,321,279
LH872,FRA,BGO,08:45,320,350
LH873,BGO,FRA,11:30,320,349
LH874,FRA,BGO,08:25,319,103
LH875,BGO,FRA,11:10,319,103
LH876,FRA,BGO,19:10,319,289
LH877,BGO,FRA,04:10,319,288
LH878,FRA,TOS,08:55,321,267
LH879,TOS,FRA,13:15,321,266
LH880,FRA,TLL,08:35,321,325
LH881,TLL,FRA,11:45,321,324
LH882,FRA,TLL,12:40,320,383
LH883,TLL,FRA,16:05,320,382
LH884,FRA,TLL,19:30,321,397
LH885,TLL,FRA,03:00,321,393
LH886,FRA,VNO,10:20,320,69
LH887,VNO,FRA,13:10,320,69
LH888,FRA,VNO,19:50,321,71
LH889,VNO,FRA,04:30,321,70
LH890,FRA,RIX,08:00,320,378
LH891,RIX,FRA,10:50,320,378
LH892,FRA,RIX,18:30,320,323
LH893,RIX,FRA,03:05,320,325
LH894,FRA,VNO,07:45,320,342
LH895,VNO,FRA,10:35,320,340
LH896,FRA,VNO,13:25,320,173
LH897,VNO,FRA,16:15,320,172
LH898,FRA,VNO,18:30,320,380
LH899,VNO,FRA,03:05,320,377
LH900,FRA,LHR,06:00,320,416
LH901,LHR,FRA,08:30,320,417
LH902,FRA,LHR,07:00,320,370
LH903,LHR,FRA,09:30,320,370
LH904,FRA,LHR,08:00,320,368
LH905,LHR,FRA,10:30,320,377
LH906,FRA,LHR,10:00,320,383
LH907,LHR,FRA,13:30,320,390
LH908,FRA,LHR,12:00,320,417
LH909,LHR,FRA,14:30,320,418
LH910,FRA,LHR,13:00,320,381
LH911,LHR,FRA,16:30,320,381
LH914,FRA,LHR,14:00,320,395
LH915,LHR,FRA,16:30,320,390
LH916,FRA,LHR,15:00,320,366
LH917,LHR,FRA,18:30,320,366
LH918,FRA,LHR,16:00,320,405
LH919,LHR,FRA,18:30,320,406
LH920,FRA,LHR,18:00,320,368
LH921,LHR,FRA,05:30,320,372
LH922,FRA,LHR,19:30,320,399
LH923,LHR,FRA,06:30,320,404
LH924,FRA,LHR,05:00,320,389
LH925,LHR,FRA,07:30,320,388
LH938,FRA,MAN,13:00,320,53
LH939,MAN,FRA,15:35,320,53
LH940,FRA,MAN,05:40,319,292
LH941,MAN,FRA,08:10,319,290
LH942,FRA,MAN,10:30,319,380
LH943,MAN,FRA,10:25,319,381
LH944,FRA,MAN,13:00,320,62
LH945,MAN,FRA,15:35,320,64
LH946,FRA,MAN,15:10,319,386
LH947,MAN,FRA,17:45,319,387
LH948,FRA,MAN,20:00,320,364
LH949,MAN,FRA,05:05,320,365
LH950,FRA,NCL,15:10,CR9,28
LH951,NCL,FRA,17:35,CR9,26
LH952,FRA,BHX,06:10,319,261
LH953,BHX,FRA,08:30,319,261
LH954,FRA,BHX,09:40,320,402
LH955,BHX,FRA,12:05,320,400
LH956,FRA,BHX,14:40,320,278
LH957,BHX,FRA,16:55,320,277
LH958,FRA,BHX,20:00,319,383
LH959,BHX,FRA,04:55,319,383
LH960,FRA,EDI,19:50,320,385
LH961,EDI,FRA,05:15,320,387
LH962,FRA,EDI,09:05,321,372
LH963,EDI,FRA,11:45,321,368
LH964,FRA,EDI,14:20,320,342
LH965,EDI,FRA,17:00,320,337
LH966,FRA,NCL,08:05,CR9,130
LH967,NCL,FRA,10:25,CR9,129
LH968,FRA,NCL,14:20,CR9,147
LH969,NCL,FRA,16:45,CR9,149
LH972,FRA,GLA,09:20,320,287
LH973,GLA,FRA,12:10,320,287
LH974,FRA,GLA,19:50,320,246
LH975,GLA,FRA,05:10,320,250
LH976,FRA,DUB,05:05,321,369
LH977,DUB,FRA,08:00,321,368
LH978,FRA,DUB,08:20,321,414
LH9789,PAE,FRA,20:45,787,1
LH979,DUB,FRA,11:50,321,415
LH980,FRA,DUB,13:50,321,397
LH981,DUB,FRA,16:40,321,395
LH982,FRA,DUB,19:10,320,395
LH983,DUB,FRA,04:55,320,395
LH984,FRA,ORK,13:15,CR9,127
LH985,ORK,FRA,16:10,CR9,124
LH9850,FRA,MUC,16:30,321,1
LH9853,BER,FRA,06:45,319,28
LH9854,FRA,BUD,08:00,321,5
LH9855,BER,FRA,18:00,321,13
LH9856,FRA,BTS,08:30,CR9,1
LH9857,HAM,FRA,05:30,319,3
LH9858,FRA,BER,06:25,321,2
LH986,FRA,AMS,05:50,319,721
LH9860,FRA,BER,18:20,319,2
LH9861,TRS,FRA,09:45,321,1
LH9862,FRA,CPH,20:25,CR9,1
LH9869,CGN,FRA,14:15,319,1
LH987,AMS,FRA,08:00,319,716
LH9871,BER,FRA,09:00,321,34
LH9872,FRA,BER,07:00,321,6
LH9873,CGN,FRA,07:15,321,16
LH9874,FRA,HAM,18:00,321,1
LH9875,DUS,FRA,07:45,320,7
LH9876,FRA,DUS,10:10,343,1
LH9877,DUS,FRA,01:10,747,5
LH9879,PAE,FRA,02:50,747,2
LH988,FRA,AMS,07:25,320,626
LH9880,FRA,MUC,07:50,321,3
LH9881,JFK,FRA,20:45,346,1
LH9883,JFK,FRA,03:10,343,1
LH9887,BRE,FRA,12:45,320,2
LH9888,FRA,MUC,10:10,321,1
LH9889,MUC,FRA,22:00,321,5
LH989,AMS,FRA,09:20,320,637
LH9897,PAE,FRA,04:40,787,2
LH9898,FRA,TEV,09:00,320,1
LH9899,BOS,FRA,21:25,343,2
LH9900,FRA,BER,07:30,321,6
LH9901,DUS,FRA,07:30,320,15
LH9902,FRA,DUS,06:00,343,11
LH9903,DUS,FRA,07:45,343,9
LH9904,FRA,DUS,10:20,343,1
LH9905,BER,FRA,10:00,320,2
LH9909,CHR,FRA,12:50,319,2
LH9910,FRA,DUS,06:00,343,91
LH9911,DUS,FRA,08:00,343,110
LH9912,FRA,DUS,07:30,343,47
LH9913,DUS,FRA,08:00,343,75
LH9914,FRA,DUS,06:30,343,22
LH9915,DUS,FRA,08:00,343,41
LH9916,FRA,DUS,06:00,319,23
LH9917,DUS,FRA,10:00,319,25
LH9918,FRA,DUS,06:00,343,13
LH9919,DUS,FRA,12:00,343,27
LH992,FRA,AMS,10:45,319,766
LH9920,FRA,DUS,07:00,343,17
LH9921,DUS,FRA,09:30,343,67
LH9922,FRA,DUS,06:00,343,71
LH9923,DUS,FRA,08:00,343,57
LH9924,FRA,DUS,06:30,343,38
LH9925,DUS,FRA,12:45,321,31
LH9926,FRA,DUS,05:00,343,16
LH9927,DUS,FRA,08:00,343,21
LH9929,BER,FRA,09:00,320,17
LH993,AMS,FRA,12:45,319,769
LH9934,POZ,FRA,13:07,CR9,2
LH9935,LJU,FRA,12:43,CR9,1
LH9936,FRA,LJU,10:00,CR9,1
LH9940,FRA,SOF,08:35,321,3
LH9950,MUC,FRA,04:00,CR9,13
LH9952,MUC,FRA,10:15,CR9,4
LH9953,MUC,FRA,15:00,CR9,1
LH996,FRA,AMS,15:40,CR9,770
LH9962,DUS,FRA,13:40,E90,1
LH997,AMS,FRA,16:30,CR9,768
LH998,FRA,AMS,15:10,319,633
LH999,AMS,FRA,17:25,319,630
LO1263,WAW,AMS,13:50,73M,1
LO1264,AMS,WAW,17:30,73M,1
LO253,FRA,WAW,19:10,E75,1
LO263,WAW,AMS,08:30,E95,424
LO264,AMS,WAW,12:15,E95,423
LO265,WAW,AMS,05:20,E95,416
LO266,AMS,WAW,08:30,E95,411
LO267,WAW,AMS,14:45,E95,424
LO268,AMS,WAW,17:45,E95,415
LO269,WAW,AMS,18:15,E75,418
LO270,AMS,WAW,05:00,E75,415
LO2838,AMS,WAW,13:05,E95,1
LO377,WAW,FRA,12:30,E75,20
LO378,FRA,WAW,15:30,E75,20
LO379,WAW,FRA,15:00,E95,411
LO380,FRA,WAW,18:50,E95,409
LO381,WAW,FRA,05:40,E95,410
LO382,FRA,WAW,08:25,E95,409
LO383,WAW,FRA,18:45,E75,353
LO384,FRA,WAW,05:20,E75,350
LO7005,WAW,FRA,04:00,E75,1
LO7006,FRA,WAW,07:45,E75,1
LO7007,WAW,AMS,09:55,E75,1
LO7008,AMS,BRU,16:30,E75,1
LO7356,KTW,FRA,08:55,E95,1
LO7374,FRA,WAW,11:40,E95,1
LO7619,WAW,AMS,08:21,E95,2
LO7620,AMS,WAW,11:15,E95,1
LO9002,FRA,WAW,05:20,E75,5
LO9004,FRA,WAW,13:40,E90,2
LO9008,AMS,WAW,15:15,E95,1
LO9068,AMS,WAW,10:40,73M,1
LS6095,LPL,FRA,11:00,733,1
LS6096,FRA,LPL,09:40,733,1
LX1068,ZRH,FRA,04:55,E95,420
LX1069,FRA,ZRH,06:50,E95,413
LX1072,ZRH,FRA,10:50,E90,390
LX1073,FRA,ZRH,12:50,E90,385
LX1074,ZRH,FRA,16:10,220,82
LX1075,FRA,ZRH,18:05,220,82
LX1076,ZRH,FRA,16:55,320,420
LX1077,FRA,ZRH,19:45,320,420
LX1080,GVA,FRA,04:10,220,232
LX1081,FRA,GVA,06:10,220,232
LX1082,GVA,FRA,08:15,220,216
LX1083,FRA,GVA,10:25,220,217
LX1086,GVA,FRA,16:45,220,228
LX1087,FRA,GVA,19:10,220,226
LX1092,GVA,FRA,05:15,220,209
LX1093,FRA,GVA,07:25,220,207
LX1094,GVA,FRA,12:20,220,197
LX1095,FRA,GVA,14:30,220,197
LX1096,GVA,FRA,13:35,220,147
LX1097,FRA,GVA,15:35,220,146
LX1255,ARN,FRA,05:10,320,1
LX5025,AMS,ZRH,10:15,320,1
LX5077,FRA,GVA,09:00,220,1
LX5099,AMS,GVA,21:00,220,1
LX5125,AMS,GVA,12:45,220,1
LX5129,AMS,ZRH,13:55,220,1
LX5155,FRA,ZRH,10:30,320,1
LX5165,FRA,ZRH,19:00,220,1
LX5169,FRA,GVA,07:15,220,1
LX5179,FRA,ZRH,14:00,220,1
LX724,ZRH,AMS,05:20,320,412
LX725,AMS,ZRH,07:50,320,405
LX728,ZRH,AMS,11:45,220,421
LX729,AMS,ZRH,14:15,220,415
LX730,ZRH,AMS,07:10,E90,150
LX731,AMS,ZRH,09:40,E90,141
LX732,ZRH,AMS,15:20,220,93
LX733,AMS,ZRH,17:55,220,91
LX734,ZRH,AMS,16:25,E95,409
LX735,AMS,ZRH,18:05,E95,401
LX736,ZRH,AMS,18:40,220,419
LX737,AMS,ZRH,05:00,220,419
LY0837,TLV,AMS,15:00,738,1
LY237,TLV,AMS,01:45,738,51
LY238,AMS,TLV,08:05,738,50
LY336,AMS,TLV,20:30,739,250
LY337,TLV,AMS,04:00,739,346
LY338,AMS,TLV,09:55,739,315
LY339,TLV,AMS,13:15,739,268
LY355,TLV,FRA,12:35,738,130
LY356,FRA,TLV,18:30,738,113
LY357,TLV,FRA,03:10,738,245
LY358,FRA,TLV,08:55,738,206
LY801,FRA,LGG,10:30,AB3,1
LY809,LGG,FRA,07:20,AB3,2
LY810,LGG,FRA,08:30,AB3,58
LY822,LGG,FRA,08:30,AB3,2
LY839,TLV,AMS,05:45,738,6
LY840,AMS,TLV,13:00,738,6
LY841,LGG,FRA,19:05,AB3,1
LY842,FRA,TLV,07:00,AB3,15
LY859,TLV,FRA,07:30,738,88
LY860,FRA,TLV,14:00,738,85
LY861,TLV,FRA,06:00,AB3,2
LY862,FRA,TLV,21:00,738,1
LY871,TLV,FRA,03:25,AB3,39
LY872,FRA,TLV,09:50,AB3,30
LY873,TLV,FRA,03:55,AB3,11
LY874,FRA,TLV,11:45,AB3,8
ME199,BEY,AMS,06:40,320,13
ME200,AMS,BEY,12:25,320,8
ME217,BEY,FRA,04:20,321,422
ME218,FRA,BEY,10:00,321,419
MF0811,XMN,AMS,04:40,788,266
MF0812,AMS,XMN,19:30,788,263
MF0813,FOC,AMS,04:15,788,8
MF0814,AMS,FOC,19:30,788,8
MH002,KUL,AMS,15:30,350,1
MH6124,KUL,AMS,07:00,332,54
MH6125,AMS,DOH,17:15,332,43
MH6126,DOH,AMS,00:35,332,54
MH6127,AMS,DOH,11:35,332,43
MP6121,AMS,MIA,21:40,744,39
MP6122,BOG,AMS,06:55,744,38
MP6131,AMS,MIA,06:35,744,8
MP6132,BOG,AMS,05:25,744,8
MP6141,AMS,MIA,21:45,744,56
MP6142,BOG,AMS,20:20,744,55
MP6151,AMS,MEM,08:00,744,1
MP6152,MEM,AMS,23:05,744,1
MP6161,AMS,MIA,07:55,744,52
MP6162,BOG,AMS,06:55,744,50
MP7341,AMS,VCP,22:25,744,1
MP7342,VCP,AMS,13:00,744,1
MP7351,AMS,VCP,20:50,744,1
MP7352,VCP,AMS,12:35,744,1
MP8111,AMS,NBO,23:55,744,1
MP8112,NBO,AMS,18:45,744,1
MP8161,AMS,NBO,09:35,744,1
MP8162,NBO,AMS,22:05,744,1
MP8321,AMS,JNB,21:40,744,12
MP8322,JNB,AMS,20:30,744,14
MP8331,AMS,JNB,21:40,744,28
MP8332,JNB,AMS,20:00,744,28
MP8341,AMS,JNB,21:40,744,14
MP8342,JNB,AMS,20:30,744,12
MP8351,AMS,JNB,22:20,744,35
MP8352,JNB,AMS,20:00,744,35
MP8371,AMS,JNB,22:15,744,52
MP8372,JNB,AMS,20:00,744,53
MP8561,AMS,JNB,21:40,744,11
MP8562,JNB,AMS,20:30,744,11
MP8931,AMS,CAI,09:00,744,6
MP8932,NBO,AMS,23:10,744,6
MP8951,AMS,CAI,09:20,744,10
MP8952,NBO,AMS,23:30,744,10
MP9161,AMS,CGK,10:30,744,3
MP9162,CGK,AMS,05:15,744,2
MP9171,AMS,HHN,19:00,744,12
MP9172,HHN,AMS,03:00,744,13
MP9411,AMS,HKG,13:10,744,48
MP9412,HKG,AMS,13:30,744,47
MP9421,AMS,DWC,08:00,744,45
MP9422,HKG,AMS,10:45,744,45
MP9431,AMS,ICN,07:20,744,8
MP9432,ICN,AMS,01:00,744,8
MP9441,AMS,DWC,08:55,744,45
MP9442,HKG,AMS,15:00,744,45
MP9451,AMS,HKG,17:30,744,4
MP9452,HKG,AMS,03:30,744,4
MP9461,AMS,DWC,17:00,744,46
MP9462,HKG,AMS,10:40,744,47
MP9471,AMS,DWC,09:20,744,11
MP9472,HKG,AMS,16:45,744,11
MS3330,AMS,KEF,03:00,220,2
MS737,CAI,IST,07:30,320,1
MS738,IST,CAI,10:55,320,1
MS757,CAI,AMS,08:00,321,425
MS758,AMS,CAI,13:40,321,371
MS785,CAI,FRA,07:40,321,425
MS786,FRA,CAI,13:25,321,393
MS996,YYZ,AMS,17:30,787,2
MU0771,PVG,AMS,04:30,77W,422
MU0772,AMS,PVG,18:15,77W,419
MU215,PVG,FRA,03:30,77W,8
MU216,FRA,PVG,17:10,77W,6
MU219,PVG,FRA,16:25,77W,403
MU220,FRA,PVG,12:30,77W,408
N09391,OSL,AMS,07:50,787,1
N8570,AMS,HKG,15:00,744,1
N8701,MCI,AMS,11:20,332,1
N8702,AMS,BGR,10:30,332,1
N8819,NBO,AMS,06:50,744,1
N8835,ATL,AMS,02:00,744,1
N8864,AMS,ATL,13:45,744,1
N8874,CAI,AMS,02:35,744,1
N8886,AMS,TLS,07:00,744,1
NB501,MXP,IST,00:40,333,1
NE6002,MAD,LXR,14:30,320,1
NE6136,HRG,FRA,12:30,320,24
NE6137,FRA,HRG,18:20,320,24
NE6140,HRG,FRA,00:05,320,17
NE6141,FRA,HRG,06:00,320,16
NE6386,HRG,FRA,00:05,320,1
NE6387,FRA,HRG,06:40,320,1
NE700,HRG,FRA,08:35,320,7
NE701,FRA,HRG,06:35,320,6
NE7124,HRG,FRA,00:05,320,1
NE7125,FRA,HRG,06:25,320,1
NE7275,HRG,FRA,11:03,320,1
NE7276,FRA,ZRH,17:30,320,1
NE7307,HRG,FRA,12:30,320,1
NE7308,FRA,CAI,18:45,320,1
NH1981,HND,AMS,22:30,773,1
NH1982,AMS,HND,14:20,773,1
NH203,HND,FRA,12:40,787,411
NH204,FRA,HND,10:10,787,417
NH223,HND,FRA,00:40,787,426
NH224,FRA,HND,18:45,787,422
NM11124,HRG,ZRH,02:30,320,4
NM11125,ZRH,HRG,08:15,320,3
NM15410,HRG,ZRH,07:00,320,1
NM16138,HRG,ZRH,07:30,320,3
NM16139,ZRH,HRG,13:15,320,3
NM16410,HRG,ZRH,01:00,738,1
NM16411,ZRH,HRG,06:30,738,1
NM17276,ZRH,HRG,19:35,320,1
NM17410,HRG,ZRH,13:00,320,6
NM17411,ZRH,HRG,18:45,320,6
NO6922,AMS,HRG,13:30,73M,1
NO8304,MXP,AMS,19:50,73M,1
NO831,MXP,AMS,17:20,330,1
NO8353,BLQ,AMS,16:30,73M,1
NO8356,BLQ,AMS,12:50,738,1
NO8482,AMS,MXP,15:40,73M,2
NO8583,MXP,AMS,15:10,738,1
NO8584,AMS,MXP,15:40,738,1
NO875,FCO,AMS,11:45,788,1
NO9304,AMS,MXP,22:45,73M,1
NO9356,AMS,FAO,16:00,738,1
NO9472,FCO,AMS,11:40,73M,1
OG460,KEF,AMS,06:10,320,259
OG461,AMS,KEF,10:30,320,258
OM137,UBN,FRA,01:50,787,271
OM138,FRA,UBN,12:20,787,271
OR040,AMS,AYT,12:00,738,3
OR041,AMS,KGS,05:30,73M,2
OR043,AMS,KGS,06:00,73M,1
OR044,IVL,AMS,04:40,73M,3
OR045,AMS,LPA,04:15,73M,3
OR046,KTT,AMS,11:45,73M,1
OR047,AMS,AYT,12:30,788,3
OR049,AMS,AYT,04:40,73M,3
OR050,MAN,AMS,11:45,738,1
OR053,AMS,BRU,08:00,73M,4
OR060,DUS,AMS,03:58,320,3
OR061,AMS,BRU,08:54,73M,5
OR062,BRU,AMS,04:45,320,3
OR064,BRU,AMS,05:14,73M,2
OR065,MAD,AMS,06:00,333,1
OR067,AMS,BRU,05:55,738,3
OR068,BRU,AMS,09:05,788,2
OR069,AMS,MAD,05:00,332,3
OR090,BRU,AMS,12:15,738,15
OR091,AMS,BRU,11:00,738,21
OR093,AMS,BRU,05:00,73M,19
OR094,BRU,AMS,05:00,73M,16
OR095,AMS,BRU,06:00,738,14
OR096,BRU,AMS,11:40,738,16
OR098,BRU,AMS,04:24,73M,13
OR099,AMS,BRU,09:30,73M,18
OR1021,AMS,PVK,15:35,738,22
OR1022,PVK,AMS,19:25,738,23
OR1023,AMS,PVK,12:00,73M,10
OR1025,AMS,PVK,03:30,73M,46
OR1031,AMS,MJT,05:20,320,12
OR1032,MJT,AMS,09:30,320,12
OR1033,AMS,MJT,04:05,73M,24
OR1035,AMS,MJT,04:35,73M,5
OR1041,AMS,SMI,05:15,73M,12
OR1042,SMI,AMS,09:35,73M,12
OR1043,AMS,SMI,05:05,73M,16
OR1071,AMS,HER,15:30,73M,35
OR1072,HER,AMS,19:55,73M,34
OR1073,AMS,HER,14:30,73M,43
OR1074,HER,AMS,18:55,73M,44
OR1075,AMS,HER,15:30,73M,13
OR1076,HER,AMS,19:55,73M,12
OR1077,AMS,HER,04:00,788,16
OR1078,HER,AMS,08:25,788,17
OR1086,HER,AMS,12:35,738,1
OR1091,AMS,HER,11:40,73M,28
OR1092,HER,AMS,16:10,73M,28
OR1101,AMS,AOK,05:30,73M,62
OR1102,AOK,AMS,10:05,73M,65
OR1103,AMS,AOK,05:40,73M,18
OR1104,AOK,AMS,10:25,738,8
OR1111,AMS,CFU,04:15,73M,24
OR1112,CFU,AMS,08:00,73M,24
OR1115,AMS,CFU,05:50,320,26
OR1116,CFU,AMS,09:35,320,29
OR1131,AMS,CHQ,04:35,73M,5
OR1132,CHQ,AMS,09:00,73M,6
OR1181,AMS,KGS,03:05,320,35
OR1182,KGS,AMS,07:30,320,24
OR1183,AMS,KGS,05:30,73M,43
OR1184,KGS,AMS,09:50,73M,44
OR1185,AMS,KGS,14:35,73M,37
OR1186,KGS,AMS,19:00,73M,38
OR1187,AMS,KGS,11:55,73M,21
OR1188,KGS,AMS,17:40,320,15
OR1189,AMS,KGS,07:35,738,31
OR1190,KGS,AMS,10:20,738,34
OR1197,AMS,KGS,13:05,738,5
OR1201,AMS,RHO,15:45,73M,50
OR1202,RHO,AMS,20:15,73M,50
OR1203,AMS,RHO,13:45,320,42
OR1204,RHO,AMS,18:50,73M,41
OR1205,AMS,RHO,04:10,320,24
OR1206,RHO,AMS,08:40,320,25
OR1207,AMS,RHO,13:45,73M,10
OR1231,AMS,ZTH,03:25,738,84
OR1232,ZTH,AMS,15:50,738,86
OR1233,AMS,ZTH,04:00,738,27
OR1234,ZTH,AMS,07:50,738,28
OR1235,AMS,ZTH,05:25,738,6
OR1236,ZTH,AMS,09:20,738,5
OR1237,AMS,ZTH,11:55,738,23
OR1238,ZTH,AMS,15:50,738,25
OR1251,AMS,ZTH,05:25,73M,22
OR1501,AMS,PMI,16:35,320,24
OR1502,PMI,AMS,19:55,320,24
OR1503,AMS,PMI,04:20,320,21
OR1504,PMI,AMS,19:10,320,24
OR1505,AMS,PMI,16:05,73M,16
OR1506,PMI,AMS,19:30,73M,16
OR1507,AMS,PMI,17:20,73M,26
OR1508,PMI,AMS,20:40,73M,25
OR1509,AMS,PMI,08:05,738,9
OR1510,PMI,AMS,11:30,738,9
OR1531,AMS,IBZ,14:00,738,18
OR1532,IBZ,AMS,07:25,738,18
OR1533,AMS,IBZ,04:20,73M,25
OR1534,IBZ,AMS,07:55,73M,25
OR1535,AMS,IBZ,04:10,73M,5
OR1536,IBZ,AMS,07:50,73M,5
OR1563,AMS,MAH,06:00,73M,8
OR1564,MAH,AMS,09:05,73M,8
OR1573,AMS,ACE,13:25,738,3
OR1574,ACE,AMS,18:45,738,3
OR1575,AMS,ACE,10:45,738,21
OR1576,ACE,AMS,16:00,738,22
OR1577,AMS,ACE,12:15,738,4
OR1578,ACE,AMS,17:35,738,4
OR1585,AMS,ACE,09:15,738,32
OR1603,AMS,FUE,09:50,73M,26
OR1604,FUE,AMS,15:20,73M,27
OR1605,AMS,FUE,10:05,73M,71
OR1606,FUE,AMS,10:20,73M,2
OR1607,AMS,FUE,13:15,73M,12
OR1608,FUE,AMS,18:55,73M,7
OR1631,AMS,LPA,06:55,73M,55
OR1632,LPA,AMS,16:50,73M,56
OR1633,AMS,LPA,12:55,73M,113
OR1634,LPA,AMS,18:40,73M,114
OR1635,AMS,LPA,04:20,73M,136
OR1636,LPA,AMS,21:00,73M,137
OR1637,AMS,LPA,12:55,788,65
OR1638,LPA,AMS,18:40,788,66
OR1639,AMS,LPA,04:30,73M,57
OR1640,LPA,AMS,10:10,73M,57
OR1641,AMS,LPA,10:25,73M,41
OR1642,LPA,AMS,16:05,788,34
OR1644,LPA,AMS,18:40,73M,6
OR1659,AMS,GRQ,09:30,73M,57
OR1660,GRQ,AMS,18:40,73M,49
OR1661,AMS,TFS,09:30,73M,27
OR1662,TFS,AMS,15:10,73M,27
OR1663,AMS,TFS,13:20,73M,62
OR1664,TFS,AMS,19:25,73M,64
OR1665,AMS,TFS,11:00,73M,65
OR1666,TFS,AMS,16:45,73M,63
OR1667,AMS,TFS,13:10,73M,47
OR1668,TFS,AMS,19:10,73M,31
OR1669,AMS,TFS,10:15,73M,53
OR167,AMS,LPA,15:15,73M,1
OR1670,TFS,AMS,15:50,73M,49
OR1672,TFS,AMS,15:50,738,4
OR1677,AMS,LPA,09:35,73M,6
OR168,LPA,AMS,21:00,73M,1
OR1686,TFS,AMS,12:50,73M,1
OR1701,AMS,FAO,15:35,738,29
OR1702,FAO,AMS,07:40,738,28
OR1741,AMS,FNC,05:25,73M,78
OR1742,FNC,AMS,10:25,73M,77
OR1743,AMS,FNC,04:20,73M,6
OR1744,FNC,AMS,09:20,73M,4
OR1803,AMS,PFO,05:00,738,7
OR1804,PFO,AMS,09:55,73M,7
OR1901,AMS,BDS,05:25,73M,9
OR1902,BDS,AMS,08:55,73M,9
OR191,AMS,ZNZ,19:35,788,195
OR192,ZNZ,AMS,08:10,788,30
OR2005,AMS,BOJ,05:35,320,11
OR2006,BOJ,AMS,09:25,320,11
OR2011,AMS,BOJ,05:00,73M,11
OR2012,BOJ,AMS,08:50,73M,11
OR2101,AMS,KTT,04:35,73M,19
OR2102,KTT,AMS,08:35,73M,18
OR2103,AMS,KTT,05:00,73M,33
OR2104,KTT,AMS,09:20,73M,31
OR2105,AMS,KTT,05:40,73M,5
OR2111,AMS,IVL,04:50,73M,13
OR2112,IVL,AMS,09:05,73M,14
OR2117,AMS,IVL,06:20,73M,3
OR2131,AMS,KAJ,06:20,73M,12
OR2201,AMS,SCR,07:00,73M,19
OR2202,SCR,AMS,09:55,73M,19
OR3001,AMS,AYT,05:40,320,24
OR3002,AYT,AMS,10:20,320,24
OR3003,AMS,AYT,11:35,73M,12
OR3004,AYT,AMS,16:10,73M,11
OR3005,AMS,AYT,04:05,320,10
OR3006,AYT,AMS,08:45,320,10
OR3007,AMS,AYT,05:05,73M,28
OR3008,AYT,AMS,16:45,73M,28
OR3009,AMS,AYT,03:25,73M,6
OR3010,AYT,AMS,08:05,738,8
OR3011,AMS,AYT,13:45,73M,40
OR3012,AYT,AMS,18:25,73M,41
OR3015,AMS,AYT,13:35,73M,33
OR3016,AYT,AMS,11:40,73M,31
OR3017,AMS,AYT,06:25,320,25
OR3018,AYT,AMS,11:10,320,27
OR3019,AMS,AYT,05:10,738,38
OR3020,AYT,AMS,09:55,738,38
OR3021,AMS,AYT,05:25,788,28
OR3022,AYT,AMS,10:10,788,28
OR3023,AMS,AYT,05:20,738,16
OR3024,AYT,AMS,19:50,738,15
OR3025,AMS,AYT,04:30,738,35
OR3026,AYT,AMS,19:10,738,35
OR3027,AMS,AYT,14:15,320,23
OR3028,AYT,AMS,18:55,320,23
OR3029,AMS,AYT,14:30,73M,21
OR3030,AYT,AMS,19:10,73M,21
OR3031,AMS,AYT,05:20,738,12
OR3032,AYT,AMS,10:10,738,9
OR3033,AMS,AYT,03:40,73M,13
OR3034,AYT,AMS,08:20,73M,14
OR3035,AMS,AYT,05:20,738,7
OR3037,AMS,AYT,13:15,738,16
OR3038,AYT,AMS,11:52,320,3
OR3044,AYT,AMS,18:54,73M,1
OR3051,AMS,DLM,14:55,73M,46
OR3052,DLM,AMS,19:25,73M,46
OR3053,AMS,DLM,05:45,73M,12
OR3054,DLM,AMS,10:53,73M,12
OR3055,AMS,DLM,12:00,788,30
OR3056,DLM,AMS,16:40,788,31
OR3057,AMS,DLM,05:20,788,14
OR3058,DLM,AMS,08:30,73M,4
OR3061,AMS,DLM,06:05,738,8
OR3091,AMS,BJV,05:00,738,17
OR3092,BJV,AMS,09:25,738,17
OR3093,AMS,BJV,04:15,738,3
OR3094,BJV,AMS,08:40,738,3
OR3097,AMS,BJV,14:15,73M,12
OR3098,BJV,AMS,18:40,73M,12
OR3105,AMS,BJV,08:20,738,18
OR3121,AMS,ADB,05:00,73M,5
OR3122,ADB,AMS,09:20,73M,5
OR3123,AMS,ADB,05:00,73M,15
OR3124,ADB,AMS,09:20,73M,15
OR3127,AMS,ADB,05:00,73M,8
OR3128,ADB,AMS,09:15,73M,8
OR3131,AMS,ADB,08:05,73M,11
OR3161,AMS,GZP,15:15,73M,16
OR3162,GZP,AMS,20:00,73M,15
OR3201,AMS,TIA,05:15,73M,32
OR3202,TIA,AMS,08:45,73M,32
OR3203,AMS,TIA,05:10,738,5
OR3204,TIA,AMS,08:40,738,5
OR3401,SSH,AMS,19:20,73M,1
OR3411,AMS,HRG,11:45,73M,83
OR3412,HRG,AMS,17:45,73M,83
OR3426,HRG,AMS,12:36,73M,1
OR3427,AMS,AYT,14:40,738,1
OR3428,AYT,AMS,19:20,738,1
OR3451,AMS,RMF,07:35,73M,131
OR3452,RMF,AMS,13:40,73M,129
OR3453,AMS,RMF,07:15,73M,8
OR3454,RMF,AMS,13:25,73M,8
OR3455,AMS,RMF,05:40,73M,20
OR3501,AMS,OHD,03:50,73M,23
OR3502,OHD,AMS,07:25,73M,22
OR3503,AMS,OHD,03:40,73M,23
OR3504,OHD,AMS,07:15,73M,23
OR3505,AMS,OHD,05:10,738,8
OR3506,OHD,AMS,08:50,738,8
OR3509,AMS,OHD,05:20,738,23
OR351,AMS,CUR,11:55,788,20
OR3510,OHD,AMS,08:55,738,23
OR352,CUR,AMS,23:35,788,21
OR3551,AMS,TIV,11:50,73M,9
OR3552,TIV,AMS,07:40,73M,9
OR361,AMS,CUR,08:20,788,123
OR3621,AMS,NBE,05:25,73M,39
OR3622,NBE,AMS,09:20,73M,39
OR3623,AMS,NBE,15:55,73M,18
OR3624,NBE,AMS,19:25,73M,18
OR365,AMS,CUR,10:35,788,237
OR367,AMS,CUR,09:00,788,193
OR368,CUR,AMS,20:35,788,189
OR369,AMS,CUR,13:05,788,29
OR370,CUR,AMS,00:55,788,30
OR3701,AMS,BVC,05:20,73M,127
OR371,AMS,CUR,14:50,788,22
OR3715,AMS,BVC,06:00,73M,33
OR372,CUR,AMS,02:50,788,23
OR3721,AMS,VXE,05:20,73M,89
OR375,AMS,CUR,14:30,788,1
OR3752,SID,AMS,15:45,73M,1
OR376,CUR,AMS,02:55,788,1
OR3791,AMS,VXE,07:35,73M,9
OR3801,AMS,BJL,06:00,73M,17
OR3802,BJL,AMS,17:00,73M,16
OR3805,AMS,BJL,06:05,73M,95
OR381,AMS,AUA,10:20,788,118
OR3891,AMS,BJL,05:30,73M,9
OR3892,BJL,AMS,16:40,73M,9
OR3895,AMS,BJL,06:05,73M,17
OR391,AMS,BON,21:45,788,123
OR3911,AMS,DSS,06:20,73M,15
OR393,AMS,BON,23:00,788,238
OR4016,AYT,AMS,22:45,738,1
OR4017,AMS,AYT,06:55,738,1
OR4018,AYT,AMS,11:10,738,1
OR4021,AMS,AYT,07:50,738,1
OR4022,AYT,AMS,12:13,738,1
OR4027,AMS,AYT,14:00,738,1
OR4028,AYT,AMS,19:20,738,1
OR4053,AMS,DLM,03:55,73M,1
OR4054,DLM,AMS,08:15,73M,1
OR4055,AMS,DLM,12:55,73M,1
OR4056,DLM,AMS,17:21,73M,1
OR4071,AMS,HER,17:20,E95,1
OR4077,AMS,HER,16:15,73M,1
OR4078,HER,AMS,20:27,73M,1
OR4133,AMS,LPA,11:30,738,1
OR4134,LPA,AMS,17:45,738,1
OR4185,AMS,KGS,16:30,738,1
OR4368,CUR,AMS,15:30,332,1
OR4369,AMS,LPA,12:59,73M,1
OR4605,AMS,ACE,07:20,738,2
OR4606,ACE,AMS,12:41,738,2
OR4633,AMS,LPA,12:55,738,5
OR4634,LPA,AMS,15:55,738,5
OR4637,AMS,LPA,07:40,73M,2
OR4638,LPA,AMS,14:12,73M,3
OR4639,AMS,LPA,05:25,321,2
OR4640,LPA,AMS,11:25,321,2
OR4641,AMS,LPA,07:00,738,3
OR4642,LPA,AMS,13:50,320,3
OR512,CUN,AMS,03:35,788,4
OR757,AMS,PUJ,08:05,788,209
OR821,AMS,CUN,11:30,788,61
OR822,CUN,AMS,23:45,788,60
OR9001,AMS,SFJ,07:20,320,2
OR9002,XRY,AMS,11:15,320,1
OR9401,AMS,CHQ,07:30,73M,2
OR9402,KIN,AMS,01:15,788,1
OR941,AMS,KEF,05:00,788,4
OR9411,AMS,FDH,15:00,73M,1
OR942,LBV,AMS,06:30,788,3
OR943,AMS,EBMB,05:20,788,5
OR944,DUB,AMS,08:12,788,6
OR945,AMS,BRU,06:10,788,2
OR946,RTM,AMS,07:15,73M,2
OR9461,AMS,MLA,13:55,73M,1
OR947,AMS,RTM,14:17,738,1
OR948,MAD,AMS,12:00,788,1
OR950,GKE,AMS,16:10,73M,1
OR9507,AMS,RIX,13:00,73M,1
OR9508,RIX,AMS,09:45,738,1
OR951,AMS,ORY,07:30,788,1
OR9515,AMS,FRA,13:25,738,2
OR952,LGW,AMS,10:40,73M,3
OR9523,AMS,VLC,14:00,73M,1
OR9524,VLC,AMS,09:00,73M,1
OR953,BRU,AMS,12:05,73M,1
OR9532,LNZ,AMS,07:45,738,1
OR954,LGW,AMS,08:25,73M,1
OR956,AMS,BRU,12:30,73M,1
OR957,AMS,RZE,12:30,788,1
OR958,BZZ,AMS,13:45,73M,2
OR9581,AMS,GYD,14:00,788,1
OR9582,GYD,AMS,09:00,788,1
OR9583,AMS,LGW,13:00,73M,1
OR9584,VLC,AMS,12:00,738,1
OR9585,AMS,LGW,06:25,73M,2
OR9587,AMS,CDT,14:00,73M,1
OR9588,CDT,AMS,11:00,73M,1
OR9591,AMS,LGW,10:15,73M,1
OR9592,LGW,AMS,11:40,73M,1
OR9593,AMS,PRN,10:00,738,1
OR9594,PRN,AMS,10:30,738,1
OR9595,AMS,LCA,08:30,738,1
OR9596,LCA,AMS,09:58,73M,1
OR963,AMS,RTM,04:50,73M,1
OR965,BRU,AMS,05:00,738,1
OS1401,VIE,FRA,18:40,320,1
OS1402,FRA,VIE,19:15,E95,1
OS1403,KLU,FRA,14:15,320,1
OS1404,FRA,VIE,20:45,320,1
OS1409,VIE,FRA,04:35,320,1
OS1472,FRA,VIE,10:20,320,2
OS1482,FRA,VIE,10:19,320,1
OS1488,FRA,VIE,07:30,220,1
OS199,VIE,FRA,04:00,320,388
OS200,FRA,VIE,06:20,320,388
OS201,VIE,FRA,05:00,320,422
OS202,FRA,VIE,07:20,320,422
OS203,VIE,FRA,06:00,320,418
OS204,FRA,VIE,08:20,320,418
OS205,VIE,FRA,06:50,320,418
OS206,FRA,VIE,09:10,320,417
OS207,VIE,FRA,08:30,320,411
OS208,FRA,VIE,10:50,320,407
OS209,VIE,FRA,09:20,320,412
OS210,FRA,VIE,11:40,320,410
OS211,VIE,FRA,11:20,320,416
OS212,FRA,VIE,13:50,320,410
OS213,VIE,FRA,12:55,320,402
OS214,FRA,VIE,15:15,320,399
OS215,VIE,FRA,15:10,320,421
OS216,FRA,VIE,17:30,320,418
OS217,VIE,FRA,16:30,320,421
OS218,FRA,VIE,04:40,320,421
OS219,VIE,FRA,17:25,320,326
OS220,FRA,VIE,19:45,320,324
OS261,LNZ,FRA,04:10,AT7,234
OS262,FRA,LNZ,06:30,AT7,235
OS263,LNZ,FRA,08:30,AT7,203
OS264,FRA,LNZ,10:50,AT7,201
OS265,LNZ,FRA,13:00,AT7,151
OS266,FRA,LNZ,15:15,AT7,147
OS267,LNZ,FRA,17:20,AT7,224
OS268,FRA,LNZ,19:40,AT7,225
OS311,VIE,AMS,06:15,320,117
OS312,AMS,VIE,09:00,320,117
OS313,VIE,AMS,08:40,320,40
OS314,AMS,VIE,11:25,320,33
OS315,VIE,AMS,13:50,320,88
OS316,AMS,VIE,16:30,320,94
OS317,VIE,AMS,16:20,320,105
OS318,AMS,VIE,19:00,320,105
OS319,VIE,AMS,19:20,320,117
OS320,AMS,VIE,06:05,320,116
OS322,AMS,INN,11:25,320,7
OS323,INN,AMS,14:05,320,7
OS368,CDG,FRA,21:30,320,1
OS369,AMS,INN,11:25,320,18
OS370,INN,AMS,14:05,320,20
OS371,VIE,AMS,05:10,320,296
OS372,AMS,VIE,07:55,320,294
OS373,VIE,AMS,12:55,320,243
OS374,AMS,VIE,15:40,320,262
OS375,VIE,AMS,15:20,220,278
OS376,AMS,VIE,18:05,220,269
OS377,VIE,AMS,18:20,220,288
OS378,AMS,VIE,05:00,220,286
OS379,VIE,AMS,07:40,220,139
OS380,AMS,VIE,10:25,220,120
OS467,FRA,EDI,07:03,320,1
OU410,ZAG,FRA,05:40,319,421
OU411,FRA,ZAG,17:00,220,413
OU412,SPU,FRA,13:40,220,422
OU413,FRA,SPU,11:05,220,424
OU414,ZAG,FRA,16:55,220,418
OU415,FRA,ZAG,18:45,220,411
OU416,ZAG,FRA,07:05,220,424
OU417,FRA,ZAG,08:30,319,416
OU418,DBV,FRA,05:25,319,280
OU419,FRA,DBV,08:25,319,273
OU4436,FRA,MUC,09:45,DH8,1
OU4450,SPU,AMS,13:10,320,27
OU4451,AMS,SPU,16:15,320,26
OU450,ZAG,AMS,06:20,220,425
OU451,AMS,ZAG,09:20,220,419
OU7411,FRA,ZAG,11:00,220,3
OU7412,ZAG,FRA,16:30,319,1
OU7416,ZAG,FRA,13:30,319,1
OU7417,FRA,ZAG,04:00,DH8,1
OU7418,FRA,ZAG,11:10,319,1
OU7451,AMS,ZAG,16:10,220,2
OU8005,KEF,FRA,15:15,220,1
OU8007,FRA,LIS,13:40,220,1
OZ541,ICN,FRA,00:45,350,294
OZ5413,ICN,FRA,16:40,350,1
OZ542,FRA,ICN,16:35,350,294
OZ5423,FRA,ICN,10:00,350,1
OZ775,VIE,FRA,06:25,744,59
OZ776,FRA,ICN,10:00,744,55
OZ793,STN,FRA,08:30,744,58
OZ794,FRA,ICN,12:05,744,56
OZ795,VIE,FRA,06:25,744,60
OZ796,FRA,ICN,10:00,744,56
P4777,IST,MIR,16:00,ER4,2
P4KH5I9,YYZ,MUC,01:00,320,4
PC034,FRA,AYT,11:45,320,1
PC036,AMS,SAW,14:40,321,1
PC055,SAW,FRA,14:50,320,1
PC1001,SAW,FRA,06:55,321,1
PC1249,SAW,AMS,08:00,321,5
PC1250,AMS,SAW,12:50,321,5
PC1251,SAW,AMS,05:50,321,423
PC1252,AMS,SAW,10:40,321,406
PC1253,SAW,AMS,09:45,321,424
PC1254,AMS,SAW,14:35,321,413
PC1257,SAW,AMS,11:40,321,226
PC1258,AMS,SAW,16:30,321,221
PC1259,SAW,AMS,13:00,321,153
PC1260,AMS,SAW,17:50,321,150
PC1639,ASR,AMS,03:10,320,23
PC1640,AMS,ASR,08:20,320,22
PC1731,ESB,FRA,08:00,320,76
PC1732,FRA,ESB,12:25,320,76
PC1773,KYA,AMS,19:05,320,20
PC1774,AMS,KYA,00:10,320,20
PC5011,FRA,DUS,16:45,320,1
PC5015,AYT,AMS,02:40,320,94
PC5016,AMS,AYT,08:05,320,93
PC5035,AYT,FRA,07:35,320,286
PC5036,FRA,AYT,12:15,320,278
PC5307,ADB,FRA,11:55,320,113
PC5308,FRA,ADB,16:00,320,109
PC5915,AYT,FRA,07:40,320,1
PC5916,FRA,AYT,12:15,320,1
PC5919,AYT,FRA,07:05,320,3
PC5920,FRA,AYT,11:55,320,3
PC5925,AYT,AMS,11:51,320,4
PC5926,AMS,AYT,17:05,320,4
PC5935,AYT,FRA,12:30,320,9
PC5936,FRA,AYT,17:05,320,9
PC5977,AYT,FRA,04:25,320,5
PC5978,FRA,AYT,09:00,320,5
PC6453,SAW,FRA,13:00,320,1
PC6454,FRA,SAW,17:05,320,1
PC7010,SAW,AMS,03:20,321,1
PC7011,AMS,SAW,08:10,321,1
PC7085,SAW,AMS,19:55,321,3
PC7086,AMS,SAW,00:40,321,3
PC7121,SAW,AMS,04:30,320,3
PC7122,AMS,SAW,09:15,320,3
PC7137,SAW,FRA,03:20,321,1
PC7138,FRA,SAW,07:55,321,1
PC7145,SAW,AMS,08:00,321,1
PC7146,AMS,SAW,12:45,321,1
PC7151,SAW,AMS,06:10,321,1
PC7152,AMS,SAW,11:00,321,1
PC7161,SAW,FRA,05:35,738,1
PC7162,FRA,SAW,09:30,738,1
PC7171,SAW,AMS,13:35,321,1
PC7172,AMS,SAW,18:35,321,1
PC7173,SAW,AMS,13:31,321,1
PC7174,AMS,SAW,19:00,321,1
PC7216,SAW,AMS,08:45,321,1
PC7217,AMS,SAW,13:55,321,1
PC7225,SAW,AMS,12:45,321,9
PC7226,AMS,SAW,18:15,321,9
PC7233,SAW,AMS,08:15,321,1
PC7234,AMS,SAW,13:20,321,1
PC7235,SAW,AMS,04:35,321,2
PC7236,AMS,SAW,09:55,321,2
PC7237,SAW,AMS,13:00,321,1
PC7238,AMS,SAW,18:23,321,1
PC7241,SAW,AMS,08:00,321,6
PC7242,AMS,SAW,12:55,321,6
PC7247,SAW,AMS,09:50,321,3
PC7248,AMS,SAW,14:35,321,3
PC7251,SAW,AMS,15:00,321,1
PC7252,AMS,SAW,19:40,321,1
PC7253,SAW,AMS,14:15,321,2
PC7254,AMS,SAW,00:00,321,3
PC7256,SAW,AMS,09:00,321,1
PC7257,AMS,SAW,18:25,321,1
PC7258,AMS,SAW,17:00,321,1
PC7259,SAW,AMS,14:25,321,1
PC7260,AMS,SAW,22:45,321,1
PC7308,FRA,ADB,12:30,320,1
PC7311,SAW,AMS,06:40,321,1
PC7312,AMS,SAW,11:20,321,1
PC7321,SAW,AMS,14:30,321,1
PC7322,AMS,SAW,18:45,321,1
PC7345,SAW,AMS,13:15,321,9
PC7346,AMS,SAW,18:00,321,9
PC7347,SAW,AMS,13:05,321,7
PC7348,AMS,SAW,17:55,321,7
PC7375,SAW,AMS,14:35,320,18
PC7376,AMS,SAW,19:50,320,17
PC7413,SAW,AMS,15:30,320,1
PC7414,AMS,SAW,20:10,320,1
PC993,SAW,FRA,08:25,321,424
PC994,FRA,SAW,12:45,321,415
PC995,SAW,FRA,11:25,321,422
PC996,FRA,SAW,15:45,321,408
PC997,SAW,FRA,13:15,321,175
PC998,FRA,SAW,17:35,321,169
PY3001,MAD,AMS,03:50,772,1
PY3002,AMS,MAD,10:00,343,3
PY3003,AMS,BYJ,08:15,343,3
PY3004,PMI,AMS,04:15,343,2
PY3005,MAD,AMS,03:55,788,1
PY993,AMS,PBM,08:20,346,175
PY994,PBM,AMS,02:00,346,183
PY995,AMS,PBM,09:30,343,1
PY996,PBM,AMS,21:00,343,1
Q9H168,IND,ZRH,09:00,220,1
QR003,AMS,LHR,04:40,388,2
QR067,DOH,FRA,06:15,787,425
QR068,FRA,DOH,15:15,787,418
QR069,DOH,FRA,22:55,787,411
QR070,FRA,DOH,07:35,787,423
QR071,DOH,FRA,10:35,788,320
QR072,FRA,DOH,18:30,788,318
QR085,AMS,DUS,14:00,787,1
QR1284,AMS,DOH,19:00,350,1
QR1568,FRA,DOH,11:30,787,1
QR1572,FRA,DOH,12:00,788,1
QR1784,AMS,DOH,17:30,77W,1
QR273,DOH,AMS,05:15,77W,427
QR274,AMS,DOH,14:15,77W,421
QR275,DOH,AMS,03:10,350,56
QR276,AMS,DOH,11:50,350,56
QR283,DOH,AMS,12:20,350,366
QR284,AMS,DOH,20:15,350,361
QR3271,FRA,DOH,05:00,787,1
QR8014,BUD,AMS,17:50,77L,1
QR8032,DOH,FRA,23:55,77L,1
QR8033,FRA,OSL,08:05,77L,1
QR8040,DOH,FRA,08:35,77L,43
QR8041,FRA,BRU,16:35,77L,43
QR8054,DOH,FRA,09:50,77L,46
QR8055,FRA,DOH,18:10,77L,51
QR8076,DOH,FRA,23:45,77L,1
QR8077,FRA,PRG,08:10,77L,1
QR8085,DOH,FRA,07:35,77L,1
QR8089,GRU,AMS,03:30,77L,1
QR8099,AMS,DOH,22:25,772,93
QR8101,DOH,AMS,10:30,772,146
QR8102,ORD,AMS,17:00,772,141
QR8142,AMS,DOH,08:45,77L,15
QR8145,DOH,FRA,10:05,77L,27
QR8147,DOH,FRA,03:35,77L,24
QR8150,DOH,AMS,17:30,772,89
QR8151,ORD,AMS,14:40,772,94
QR8158,AMS,DOH,20:50,772,116
QR8160,AMS,DOH,10:05,772,117
QR8187,DOH,AMS,09:50,772,117
QR8201,DOH,AMS,07:15,772,158
QR8202,AMS,DOH,16:00,772,158
QR8203,DOH,AMS,01:55,772,118
QR8204,AMS,DOH,18:35,772,109
QR8205,DOH,AMS,02:00,772,163
QR8206,AMS,DOH,09:00,772,159
QR8207,DOH,AMS,04:15,772,111
QR8208,AMS,DOH,16:45,772,109
QR8211,DOH,AMS,03:30,772,42
QR8212,AMS,OSL,11:50,772,39
QR8219,DOH,AMS,00:10,77L,11
QR8220,AMS,OSL,08:40,77L,10
QR8221,DOH,FRA,09:30,77L,91
QR8222,FRA,DOH,17:30,77L,109
QR8223,DOH,FRA,06:45,77L,147
QR8224,FRA,DOH,15:15,77L,135
QR8225,DOH,FRA,09:20,77L,1
QR8226,FRA,DOH,17:50,77L,1
QR8227,DOH,FRA,05:55,77L,109
QR8228,FRA,DOH,16:40,77L,100
QR8233,DOH,FRA,06:45,77L,35
QR8234,FRA,DOH,15:25,77L,47
QR8236,LGG,FRA,17:30,77L,10
QR8237,LGG,FRA,12:30,77L,4
QR8238,LGG,FRA,12:30,77L,2
QR8242,BUD,AMS,13:45,77L,1
QR8247,BRU,FRA,16:00,77L,1
QR8251,DOH,AMS,05:45,772,1
QR8252,AMS,CDG,13:40,772,1
QR8264,IST,DOH,02:30,77L,1
QR8293,AMS,OSL,11:10,77L,3
QR8324,FRA,NLU,09:00,77L,9
QR8331,AMS,OSL,10:40,772,1
QR8379,FRA,OSL,16:25,77L,2
QR8560,SVQ,FRA,12:03,77L,1
QR8596,FRA,ZAZ,09:55,77L,10
QR8597,FRA,DOH,07:25,772,4
QR8769,DOH,AMS,00:10,772,12
QR8770,AMS,DOH,09:15,772,12
QR8807,AMS,FRA,04:25,772,3
QR8814,DOH,AMS,00:35,77L,6
QR8835,AMS,DOH,12:45,772,2
QR8836,DOH,FRA,04:35,77L,3
QR8837,LGG,DOH,13:00,77L,21
QR8838,DOH,AMS,00:45,77L,3
QR8839,AMS,DOH,16:15,772,1
QS2342,RHO,FRA,13:15,73M,4
QS2343,FRA,RHO,16:49,73M,2
QS2376,HER,FRA,13:00,738,7
QS2377,FRA,HER,17:20,738,4
QS3670,TFS,FRA,07:49,738,3
QS3671,FRA,TFS,13:35,738,2
QS3688,FRA,PMI,08:15,738,1
QS3689,PMI,FRA,10:50,738,1
QS4301,TRD,FRA,09:00,220,1
QS4314,GPA,FRA,11:55,737,1
QS4318,FRA,KEF,08:45,73M,1
QS4319,KEF,FRA,11:30,73M,1
QS4320,FRA,MLA,09:50,220,1
QS4321,MLA,FRA,07:30,220,1
QS4340,FRA,MLA,09:05,737,1
QS4341,MLA,FRA,07:30,220,1
QS4462,BHX,FRA,09:00,220,1
QS4463,FRA,BHX,09:20,220,1
QS4500,FUE,FRA,07:40,738,2
QS4501,FRA,FUE,13:10,738,1
QS4536,FRA,CPH,09:20,73M,1
QS4537,CPH,FRA,13:00,737,1
QS4560,FRA,KGS,09:55,738,1
QS4561,KGS,FRA,13:00,738,1
QS4577,FRA,PRG,16:00,738,1
QS4600,TLV,FRA,07:30,738,1
QS4601,FRA,TLV,19:15,738,1
QS4635,FRA,LPA,10:00,738,1
QY1239,AMS,LEJ,21:10,AB3,356
QY1442,LEJ,AMS,22:30,738,47
QY1443,STN,AMS,04:50,AB3,288
QY1444,AMS,BRU,07:20,738,118
QY1446,LEJ,AMS,01:35,763,362
QY1491,AMS,LEJ,19:20,AB3,287
QY186,LEJ,FRA,02:10,AB3,359
QY187,FRA,LEJ,20:30,AB3,294
QY188,LEJ,FRA,02:50,752,168
QY189,FRA,LEJ,20:35,752,283
QY204,DUB,AMS,05:20,738,68
QY207,BRU,AMS,18:50,AB3,1
QY211,MAD,FRA,17:35,AB3,1
QY223,LTN,AMS,08:55,AB3,4
QY272,AMS,LEJ,22:30,AB3,1
QY2888,DUB,AMS,05:20,738,20
QY360,FRA,JFK,18:20,332,33
QY362,FRA,JFK,19:20,332,26
QY532,DWC,FRA,09:20,332,1
QY547,BAH,FRA,09:40,332,50
QY6002,MAD,FRA,09:40,AB3,1
QY6016,MAD,FRA,08:00,AB3,1
QY6020,MAD,FRA,08:00,AB3,1
QY6030,FRA,SOF,09:00,AB3,1
QY6033,FRA,SOF,09:13,AB3,1
QY6035,FRA,SOF,09:28,AB3,1
QY6037,FRA,SOF,09:10,AB3,1
QY6038,FRA,SOF,12:30,AB3,1
QY6042,CFE,FRA,10:05,AB3,1
QY6044,FRA,SOF,10:00,AB3,1
QY6048,MAD,FRA,09:30,AB3,1
QY6049,MAD,FRA,08:00,AB3,1
QY6051,ATH,FRA,09:59,AB3,1
QY6055,CFE,FRA,10:00,AB3,1
QY6359,MAD,FRA,15:05,AB3,176
QY6360,FRA,MAD,15:25,AB3,174
QY6700,AMS,LTN,12:00,763,59
QY6701,LTN,AMS,14:50,763,58
QY6717,LTN,FRA,09:45,AB3,275
QY6718,FRA,LTN,06:40,AB3,274
QY6724,MAD,AMS,10:55,AB3,120
QY6725,AMS,MAD,15:10,AB3,117
QY6730,LTN,AMS,10:20,AB3,54
QY6731,AMS,LHR,14:40,AB3,59
QY812,AMS,LEJ,20:15,763,1
QY820,FRA,EMA,06:20,AB3,1
QY821,EMA,FRA,17:45,AB3,2
QY822,FRA,LEJ,05:00,AB3,2
QY824,LEJ,FRA,19:00,752,1
QY831,LEJ,FRA,18:55,752,1
QY833,FRA,LEJ,04:30,752,1
QY840,FRA,LEJ,15:00,AB3,2
QY843,LEJ,FRA,18:00,752,1
QY850,FRA,LEJ,19:30,752,1
QY851,LEJ,FRA,18:30,752,1
QY853,FRA,LEJ,11:30,AB3,2
QY854,LEJ,FRA,18:50,AB3,1
QY859,AMS,LEJ,06:05,AB3,1
QY860,LEJ,FRA,14:45,332,2
QY862,FRA,LEJ,04:00,AB3,1
QY863,AMS,LEJ,13:55,763,1
QY864,AMS,LEJ,10:20,763,1
QY870,FRA,LEJ,07:35,AB3,2
QY874,AMS,LEJ,18:00,AB3,1
QY875,LEJ,FRA,03:30,AB3,1
RB271,AMS,DAM,08:20,320,12
RB272,DAM,AMS,14:00,320,13
RJ125,AMM,FRA,07:40,320,398
RJ126,FRA,AMM,13:50,320,392
RJ127,AMM,FRA,23:45,320,8
RJ128,FRA,AMM,05:50,320,8
RJ141,AMM,AMS,07:45,E95,1
RJ142,AMS,AMM,14:20,E95,1
RJ151,AMM,AMS,07:15,320,230
RJ152,AMS,AMM,13:55,320,222
RJ5125,AMM,FRA,14:15,320,1
RJ5126,FRA,AMM,20:30,320,1
RJ8151,AMM,AMS,12:45,E95,1
RO1900,AMS,OTP,16:30,738,1
RO1901,AMS,OTP,05:30,320,1
RO301,OTP,FRA,05:35,737,351
RO302,FRA,OTP,09:15,737,350
RO305,OTP,FRA,14:00,737,125
RO306,FRA,OTP,17:25,737,121
RO361,OTP,AMS,05:35,738,418
RO362,AMS,OTP,09:40,738,410
RO363,OTP,AMS,13:50,738,392
RO364,AMS,OTP,18:00,738,385
RW701,KGL,CDG,18:35,333,1
SE7710,HRG,FRA,03:05,320,3
SE7711,FRA,HRG,09:15,320,2
SE7790,HRG,FRA,10:30,320,1
SE7791,FRA,VIE,17:00,320,1
SK1547,CPH,AMS,07:55,320,22
SK1548,AMS,CPH,10:05,320,22
SK1549,CPH,AMS,13:35,CR9,409
SK1550,AMS,CPH,15:40,CR9,403
SK1553,ARN,AMS,06:10,320,335
SK1555,ARN,AMS,14:10,320,351
SK1556,AMS,ARN,16:55,320,349
SK1557,ARN,AMS,16:55,320,254
SK1558,AMS,ARN,19:50,320,254
SK1635,CPH,FRA,16:15,CR9,277
SK1636,FRA,CPH,19:30,CR9,275
SK2551,CPH,AMS,06:15,320,414
SK527,AMS,LHR,14:20,320,2
SK547,CPH,AMS,10:40,320,313
SK548,AMS,CPH,13:55,320,306
SK549,CPH,AMS,18:10,320,195
SK550,AMS,CPH,05:00,320,194
SK552,AMS,CPH,08:25,320,409
SK553,CPH,AMS,16:10,320,339
SK554,AMS,CPH,18:20,320,337
SK556,AMS,ARN,09:00,320,334
SK557,ARN,AMS,09:40,320,68
SK558,AMS,ARN,12:25,320,68
SK6271,FRA,CPH,09:15,CR9,1
SK639,CPH,FRA,07:15,E95,27
SK640,FRA,CPH,09:30,E95,26
SK675,CPH,FRA,11:10,320,311
SK676,FRA,CPH,13:20,320,306
SK7526,AMS,OSL,20:30,320,1
SK821,OSL,AMS,06:00,320,391
SK822,AMS,OSL,08:40,320,388
SK823,OSL,AMS,09:05,E95,54
SK824,AMS,OSL,11:35,E95,52
SK827,OSL,AMS,14:35,320,344
SK828,AMS,OSL,17:05,320,335
SK9102,FRA,CPH,11:30,CR9,1
SK9230,AMS,OSL,14:20,320,2
SK9231,AMS,CPH,15:00,E95,1
SK9240,AMS,CPH,14:00,320,1
SK9242,FRA,CPH,15:25,CR9,1
SK9244,FRA,CPH,15:05,320,1
SK9248,AMS,CPH,09:30,CR9,1
SK9252,AMS,ARN,18:00,320,1
SM2940,RMF,FRA,06:55,320,168
SM2941,FRA,RMF,13:15,320,163
SM2942,HRG,FRA,06:30,320,349
SM2943,FRA,HRG,12:15,320,315
SM2944,HRG,FRA,07:15,320,13
SM2945,FRA,HRG,13:00,320,11
SN1616,FRA,BRU,09:49,320,1
SN1618,FRA,BRU,09:45,320,1
SN1808,FRA,BRU,11:50,319,1
SN2106,FRA,BRU,07:10,319,2
SN2607,BRU,FRA,05:00,319,415
SN2608,FRA,BRU,07:00,319,413
SN2609,BRU,FRA,07:30,319,250
SN2610,FRA,BRU,09:40,319,251
SN2611,BRU,FRA,08:30,319,255
SN2612,FRA,BRU,10:30,319,256
SN2613,BRU,FRA,12:25,319,312
SN2614,FRA,BRU,14:25,319,313
SN2615,BRU,FRA,15:30,319,293
SN2616,FRA,BRU,17:35,319,296
SN2617,BRU,FRA,17:30,320,359
SN2618,FRA,BRU,19:30,320,361
SN3705,REU,BCN,19:45,320,1
SN9902,FRA,BRU,11:25,320,1
SN9903,BRU,FRA,15:30,319,1
SN9909,BRU,FRA,08:30,320,1
SN9911,BRU,FRA,07:30,320,1
SN9912,BRU,FRA,17:00,320,1
SN9913,BRU,FRA,08:30,320,1
SN9915,BRU,FRA,06:00,320,1
SN9917,BRU,FRA,07:30,320,3
SN9919,BRU,FRA,12:25,319,2
SN9921,BRU,FRA,15:30,319,1
SN9923,BRU,FRA,17:30,320,1
SN9928,BRU,FRA,17:30,320,1
SQ025,FRA,SIN,00:55,77W,846
SQ026,FRA,JFK,15:55,77W,830
SQ322,SIN,FRA,15:45,388,1
SQ323,AMS,SIN,09:00,350,417
SQ324,SIN,AMS,15:55,350,413
SQ325,FRA,SIN,19:40,388,418
SQ326,SIN,FRA,02:55,388,422
SQ329,FRA,SIN,12:35,350,12
SQ330,SIN,FRA,18:45,350,12
SQ7319,AMS,SIN,17:45,744,1
SQ7324,SIN,AMS,07:25,744,1
SQ7327,AMS,MAA,05:20,744,11
SQ7328,SIN,AMS,05:20,744,6
SQ7333,AMS,SIN,12:55,744,2
SQ7343,NBO,AMS,12:15,744,101
SQ7347,AMS,SIN,07:20,744,3
SQ7351,LHR,AMS,01:25,744,7
SQ7352,AMS,LHR,04:40,744,18
SQ7371,AMS,SHJ,19:20,744,42
SQ7372,SIN,AMS,06:00,744,48
SQ7373,AMS,SIN,19:35,744,2
SQ7374,SHJ,AMS,09:55,744,4
SQ7377,AMS,SIN,20:20,744,1
SQ7393,LHR,AMS,01:25,744,50
SQ7395,LHR,AMS,01:10,744,45
SQ7953,LAX,AMS,07:15,744,10
SQ7987,LAX,AMS,20:55,744,94
SQ9323,AMS,SIN,12:30,350,1
SQ9325,FRA,SIN,11:00,388,7
SQ9326,SIN,FRA,02:00,388,3
SQ9327,FRA,MUC,12:00,388,1
SU2131,IST,SVO,13:45,321,1
SV167,JED,FRA,06:40,320,243
SV168,FRA,JED,14:15,320,239
SV179,RUH,FRA,06:05,320,183
SV180,FRA,RUH,14:15,320,178
SV214,AMS,JED,14:20,787,76
SV215,JED,AMS,05:30,787,286
SV216,AMS,JED,13:55,787,192
SV218,AMS,JED,19:25,787,1
SV3032,MAD,FRA,05:30,744,5
SV3925,CAI,FRA,05:20,744,5
SV3926,FRA,RUH,17:10,744,1
SV3934,AMS,XCR,14:05,744,1
SV9066,AMS,JED,06:00,787,1
SV913,LGG,FRA,10:00,744,48
SV914,FRA,JED,17:00,744,45
SV921,JED,FRA,22:05,333,1
SV922,FRA,RUH,05:50,333,1
SV925,RUH,FRA,09:00,744,33
SV926,FRA,RUH,18:10,744,42
SV929,LGG,FRA,11:30,744,53
SV930,FRA,RUH,14:30,744,52
SV933,JED,AMS,03:00,744,233
SV934,AMS,RUH,14:40,744,225
SV946,LGG,FRA,02:30,744,2
SW731,FCO,LGG,15:00,ERJ,1
T30041,AMS,HUY,19:05,E90,1
T30051,HUY,AMS,18:30,E90,1
T30052,HUY,AMS,06:45,E90,1
T30061,AMS,HUY,18:35,E90,1
T3029,AMS,HUY,20:00,E90,1
T7CAL3,AMS,BWE,13:30,BEH,2
T7N1960,IST,LOS,20:30,ER4,1
TB061,AMS,BRU,07:45,788,1
TB064,BRU,AMS,06:10,788,1
TB067,AMS,EGSY,14:00,738,1
TB069,BRU,AMS,12:55,738,1
TB091,BRU,AMS,05:51,738,2
TB094,BRU,AMS,05:30,73M,2
TB098,BRU,AMS,12:49,73M,2
TB099,BRU,AMS,15:00,73M,1
TB1071,AMS,AGP,14:49,73M,1
TB1111,AMS,ALC,06:55,73M,1
TB1112,ALC,AMS,08:35,73M,1
TB1172,ALC,AMS,10:40,73M,1
TB161,AMS,PUJ,12:40,788,1
TB167,AMS,PUJ,08:20,788,2
TB1752,TFS,AMS,18:20,73M,1
TB2031,SID,AMS,16:15,73M,1
TB2267,ANR,FRA,12:27,E95,2
TB2653,AMS,RBA,14:45,73M,1
TB313,BRU,FRA,12:45,738,1
TB3202,AYT,AMS,08:45,73M,1
TB3313,FRA,AOE,18:40,73M,1
TB352,CUN,AMS,00:30,788,1
TB7067,CMN,AMS,18:05,738,1
TB7068,AMS,CMN,23:45,738,1
TB960,BRU,AMS,08:30,737,1
TB961,AMS,BRU,14:00,73M,1
TB9611,AMS,VCE,10:45,737,1
TB9613,FRA,AMS,13:30,73M,3
TB962,BRU,AMS,05:58,73M,1
TB964,AMS,BRU,12:25,73M,2
TB968,AMS,BRU,05:00,788,1
TB969,BRU,AMS,06:30,738,1
TB9720,LGW,AMS,15:15,738,1
TF9690,FRA,LNZ,07:15,AT7,1
TF9821,FRA,VIE,12:35,AT7,1
TG920,BKK,FRA,16:45,77W,412
TG921,FRA,BKK,12:45,77W,422
TG922,BKK,FRA,05:25,77W,425
TG923,FRA,BKK,18:40,77W,414
TG936,BKK,AMS,22:35,350,30
TG937,AMS,BKK,12:15,350,24
TK1223,FRA,IST,20:25,321,3
TK1224,IST,FRA,00:40,321,3
TK1585,IST,FRA,08:10,321,107
TK1586,FRA,IST,12:25,321,104
TK1587,IST,FRA,04:45,333,423
TK1588,FRA,IST,09:25,333,419
TK1591,IST,FRA,08:30,333,425
TK1592,FRA,IST,13:05,333,414
TK1593,IST,FRA,12:20,333,422
TK1594,FRA,IST,16:55,333,418
TK1597,IST,FRA,15:45,321,424
TK1598,FRA,IST,05:05,321,425
TK1611,IST,FRA,01:05,321,28
TK1612,FRA,IST,20:00,321,28
TK1723,FRA,BER,12:50,333,2
TK1904,AMS,IST,16:25,77W,1
TK1949,IST,AMS,16:45,321,31
TK1950,AMS,IST,05:20,321,31
TK1951,IST,AMS,04:00,333,421
TK1952,AMS,IST,09:15,333,417
TK1953,IST,AMS,11:05,333,424
TK1954,AMS,IST,16:20,333,420
TK1955,IST,AMS,16:10,332,424
TK1956,AMS,IST,21:10,332,417
TK1957,IST,AMS,08:45,333,424
TK1958,AMS,IST,12:40,333,417
TK1959,IST,AMS,08:15,321,6
TK1960,AMS,IST,13:00,321,11
TK1961,IST,AMS,10:30,738,148
TK1962,AMS,IST,15:30,738,146
TK3235,IST,AMS,12:47,333,2
TK3236,AMS,IST,00:15,333,2
TK3368,AYT,FRA,00:45,73M,2
TK3369,FRA,AYT,05:45,73M,2
TK3370,AYT,FRA,00:25,73M,5
TK3371,FRA,AYT,05:35,73M,5
TK3705,IST,FRA,08:10,77W,3
TK3706,FRA,IST,00:15,77W,4
TK3741,SZF,FRA,08:10,738,1
TK3743,IST,FRA,07:10,738,1
TK3744,FRA,ADB,11:30,738,1
TK4653,IST,DEL,15:25,77W,1
TK6028,IST,FRA,02:15,333,1
TK6046,IST,FRA,02:20,332,1
TK6048,FRA,IST,11:10,332,1
TK6052,IST,FRA,01:45,332,1
TK6053,FRA,IST,06:30,332,13
TK6079,FRA,YYZ,01:25,332,4
TK6095,IST,AMS,11:00,310,1
TK6096,AMS,IST,16:30,310,1
TK6111,IST,AMS,16:55,332,25
TK6112,AMS,IST,13:35,321,1
TK6147,LOS,FRA,00:10,332,1
TK6318,IST,FRA,00:30,332,1
TK6321,FRA,IST,00:50,77L,3
TK6359,IST,AMS,11:45,321,20
TK6360,AMS,IST,17:50,321,19
TK6369,IST,AMS,10:45,310,96
TK6370,AMS,IST,16:55,310,88
TK6397,ALG,FRA,00:35,310,2
TK6403,IST,FRA,01:25,332,147
TK6404,FRA,IST,05:40,332,149
TK6405,IST,FRA,01:25,332,110
TK6406,FRA,IST,06:30,332,109
TK6407,IST,FRA,01:25,77L,26
TK6408,FRA,IST,07:05,77L,24
TK6409,IST,AMS,03:00,332,37
TK6410,AMS,IST,09:05,332,35
TK6411,IST,AMS,03:15,332,35
TK6412,AMS,IST,09:00,332,35
TK6421,IST,FRA,00:40,744,16
TK6422,FRA,IST,06:40,744,16
TK6434,IST,AMS,11:30,77L,1
TK6473,IST,FRA,11:00,77L,1
TK6474,FRA,IST,16:50,77L,1
TK6552,IST,FRA,12:20,310,1
TK6553,FRA,IST,17:05,310,1
TK6559,IST,AMS,08:30,310,42
TK6560,AMS,IST,18:35,310,39
TK6600,IST,AMS,01:35,321,13
TK6601,AMS,IST,08:40,321,6
TK6602,IST,FRA,02:20,310,2
TK6603,FRA,IST,06:50,310,3
TK6604,FRA,IST,19:30,310,1
TK6606,IST,AMS,15:05,321,1
TK6607,AMS,IST,20:20,321,1
TK6609,IST,AMS,03:17,321,1
TK6610,AMS,IST,09:00,321,1
TK6619,OTP,AMS,14:30,321,1
TK6620,AMS,IST,19:00,321,1
TK6628,LGG,FRA,04:00,77L,2
TK6650,IST,FRA,01:15,321,2
TK6651,FRA,IST,06:15,321,2
TK6652,LGG,FRA,08:40,77L,2
TK6653,IST,FRA,13:05,332,1
TK6654,FRA,IST,18:45,332,1
TK6659,IST,AMS,11:30,321,1
TK6660,AMS,IST,16:50,321,1
TK6662,IST,FRA,13:20,332,1
TK6663,FRA,IST,17:35,332,1
TK6680,IST,FRA,06:40,77L,3
TK6681,FRA,IST,13:00,77L,3
TK6682,IST,FRA,05:00,333,3
TK6683,FRA,IST,10:00,333,3
TK6881,SKP,IST,12:15,738,1
TK6884,AMS,IST,09:00,332,1
TK6885,IST,AMS,19:05,77W,1
TK6888,FRA,BER,01:50,321,2
TK6893,IST,FRA,12:40,321,1
TK6894,FRA,IST,11:00,321,3
TK6895,AMS,IST,22:15,350,1
TK6898,FRA,IST,05:00,321,2
TK6900,FRA,IST,07:55,333,1
TK6901,FRA,IST,03:45,321,1
TK6904,IST,FRA,13:45,738,1
TK6905,FRA,SAW,18:00,738,1
TK6918,FRA,IST,05:00,332,1
TK6923,FRA,AMS,07:00,321,2
TK6924,AMS,IST,16:51,787,1
TO4058,ORY,AMS,17:10,738,203
TO4059,AMS,ORY,19:25,738,200
TP2394,LIS,FRA,05:35,321,1
TP2880,LIS,AMS,03:30,320,1
TP2881,AMS,LIS,11:00,320,1
TP3350,LIS,FRA,08:00,320,1
TP3353,FRA,LIS,12:00,320,1
TP540,FRA,LIS,15:00,319,1
TP570,LIS,FRA,07:35,321,409
TP571,FRA,LIS,11:30,321,401
TP572,LIS,FRA,12:45,320,404
TP573,FRA,LIS,17:40,320,401
TP574,LIS,FRA,17:15,320,416
TP575,FRA,LIS,04:05,320,413
TP668,LIS,AMS,08:40,320,416
TP669,AMS,LIS,11:50,320,401
TP670,LIS,AMS,11:35,320,172
TP671,AMS,LIS,15:25,320,172
TP672,LIS,AMS,13:40,320,406
TP673,AMS,LIS,17:40,320,401
TP674,LIS,AMS,17:20,320,412
TP675,AMS,LIS,05:00,320,400
TP9000,LIS,AMS,14:50,330,1
TP9001,AMS,LIS,11:15,330,1
TP9240,AMS,LIS,14:06,321,1
TP9246,AMS,OPO,23:15,330,1
TP9247,AMS,LIS,07:05,320,1
TP9252,AMS,LIS,07:00,321,1
TS376,YYZ,AMS,03:45,321,176
TS377,AMS,YYZ,12:55,321,172
TU527,FRA,TUN,16:30,320,2
TU648,DJE,FRA,13:25,320,60
TU649,FRA,DJE,17:20,320,59
TU744,TUN,FRA,06:55,320,328
TU745,FRA,TUN,10:30,320,314
TU9066,AMS,TUN,16:00,343,1
TU9067,TUN,AMS,15:00,343,1
TW403,ICN,FRA,00:50,332,321
TW404,FRA,ICN,16:50,332,316
UA020,IAH,AMS,21:20,763,407
UA021,AMS,IAH,09:00,763,398
UA042,EWR,FRA,00:00,77W,326
UA043,FRA,EWR,09:10,77W,318
UA046,IAH,FRA,23:20,772,411
UA047,FRA,IAH,11:55,772,405
UA058,SFO,FRA,20:20,77W,412
UA059,FRA,SFO,11:35,77W,418
UA070,EWR,AMS,21:55,772,409
UA071,AMS,EWR,07:15,772,415
UA074,EWR,FRA,02:55,763,165
UA075,FRA,EWR,15:10,763,157
UA181,FRA,DEN,09:20,787,414
UA182,DEN,FRA,21:50,787,408
UA3014,AMS,IAD,12:00,763,1
UA3015,AMS,ORD,11:00,772,2
UA3018,IAD,AMS,02:18,763,3
UA3019,FRA,EWR,07:15,763,2
UA3020,FRA,IAH,13:30,772,1
UA3021,AMS,IAD,11:00,763,1
UA3025,AMS,EWR,10:45,763,2
UA3029,FRA,IAH,07:30,763,2
UA3031,AMS,SFO,15:21,772,1
UA3032,FRA,IAH,13:00,772,1
UA3034,EWR,FRA,03:59,772,1
UA3041,FRA,IAD,14:25,772,1
UA3042,AMS,IAD,11:20,763,1
UA3043,IAD,AMS,00:50,763,1
UA3044,AMS,ORD,10:55,763,3
UA3048,FRA,IAD,17:52,772,1
UA3049,BOS,FRA,23:15,772,1
UA3746,POZ,FRA,12:00,772,1
UA3747,FRA,IAH,15:05,772,1
UA3845,AMS,IAH,08:45,763,1
UA3859,FRA,EWR,12:23,763,1
UA3864,FRA,SFO,14:02,772,1
UA3875,AMS,EWR,16:15,772,1
UA3902,FRA,IAD,10:55,763,2
UA3904,FRA,IAH,13:00,763,4
UA3905,FRA,IAH,13:00,763,2
UA3908,FRA,ORD,15:00,772,2
UA3909,FRA,DEN,10:20,772,3
UA3912,FRA,IAH,10:30,772,1
UA3915,FRA,IAH,08:15,763,2
UA3916,AMS,IAD,12:00,763,1
UA3917,FRA,IAH,10:15,763,2
UA3918,AMS,EWR,12:00,763,3
UA3919,FRA,SFO,08:50,772,1
UA3921,AMS,IAD,12:00,763,1
UA3922,FRA,ORD,07:50,787,1
UA3923,AMS,IAD,11:55,763,1
UA3924,AMS,IAD,13:00,763,1
UA3927,AMS,BOS,11:30,788,1
UA3929,FRA,SFO,12:00,772,2
UA3930,AMS,EWR,11:15,763,3
UA3931,FRA,ORD,13:00,787,1
UA3933,AMS,IAH,11:00,763,1
UA3940,AMS,ORD,15:30,763,1
UA509,FCO,FRA,14:55,763,1
UA906,FRA,ORD,10:40,787,413
UA907,ORD,FRA,00:25,787,417
UA908,AMS,ORD,10:00,788,399
UA909,ORD,AMS,23:15,788,414
UA926,SFO,FRA,02:25,772,356
UA927,FRA,SFO,15:30,772,346
UA932,IAD,FRA,02:10,772,406
UA933,FRA,IAD,15:10,772,403
UA944,ORD,FRA,20:10,787,389
UA945,FRA,ORD,06:50,787,391
UA946,IAD,AMS,21:35,763,400
UA947,AMS,IAD,09:15,763,399
UA960,EWR,FRA,00:40,787,86
UA961,FRA,EWR,10:05,787,84
UA967,NAP,FRA,12:00,763,1
UA968,SFO,AMS,21:50,772,232
UA969,AMS,SFO,12:50,772,230
UA988,FRA,IAD,10:20,77W,410
UA989,IAD,FRA,21:25,77W,405
UC1504,MIA,AMS,21:50,763,1
UC1506,AMS,BRU,08:40,763,3
UC1511,BRU,FRA,11:55,763,29
UC1513,BRU,FRA,09:35,763,119
UC1514,BRU,FRA,10:00,763,26
UC1515,BRU,FRA,06:55,763,86
UC1516,BRU,FRA,09:45,763,110
UC1517,BRU,FRA,12:45,763,109
UC3601,AMS,BRU,08:00,763,58
UC3603,AMS,BRU,08:00,763,61
UC3604,MIA,AMS,23:20,763,1
UC3606,SCL,AMS,08:20,763,51
UC3611,BRU,FRA,16:30,763,82
UC3614,BRU,FRA,12:25,763,82
UC3616,BRU,FRA,12:25,763,12
UC3617,BRU,FRA,11:15,763,109
UD423,EBL,AMS,03:45,320,95
UD424,AMS,EBL,10:15,320,89
UD4423,EBL,AMS,03:45,320,1
UD4424,AMS,EBL,10:30,320,1
UL501,CDG,FRA,10:25,333,110
UL553,CMB,FRA,19:15,333,80
UL554,FRA,CMB,14:00,333,74
UL557,CMB,FRA,19:10,333,38
UL558,FRA,CMB,14:15,333,36
UX009,FRA,MAD,09:20,738,2
UX1091,MAD,AMS,05:05,787,426
UX1093,MAD,AMS,13:00,73M,424
UX1094,AMS,MAD,17:00,73M,421
UX1098,AMS,MAD,09:00,787,421
UX1501,MAD,FRA,04:40,73M,2
UX1502,FRA,MAD,08:55,738,425
UX1503,MAD,FRA,05:05,738,423
UX1504,FRA,MAD,08:20,73M,2
UX1506,FRA,MAD,17:10,738,423
UX1509,MAD,FRA,13:10,738,427
UX841,MAD,FRA,13:20,738,1
UX842,FRA,MAD,16:50,738,1
UX972,RVN,AMS,00:45,738,2
VF001,SAW,AMS,05:45,321,422
VF002,AMS,SAW,10:30,321,411
VF003,SAW,AMS,11:05,321,380
VF004,AMS,SAW,15:45,321,372
VF033,SAW,FRA,07:10,738,339
VF034,FRA,SAW,12:45,738,331
VF035,SAW,FRA,11:35,738,251
VF036,FRA,SAW,16:00,738,243
VF5000,SAW,AMS,08:20,321,3
VF5002,AMS,SAW,12:00,73M,3
VF5003,SAW,AMS,14:50,321,1
VF5004,AMS,SAW,19:35,321,1
VF501,ESB,AMS,10:45,73M,92
VF5014,SAW,FRA,10:00,320,1
VF5015,FRA,SAW,14:45,320,1
VF502,AMS,ESB,15:35,73M,88
VF5103,ESB,AMS,06:15,73M,1
VF5104,AMS,ESB,11:15,73M,1
VF523,ESB,FRA,11:50,738,285
VF524,FRA,ESB,16:15,738,276
VF6651,FRA,ESB,12:30,738,1
VF6655,AMS,ESB,13:45,73M,1
VF6657,FRA,SAW,07:55,73M,1
VF6658,AMS,SAW,12:00,73M,1
VF6660,SAW,FRA,04:45,738,1
VF6661,FRA,SAW,09:00,738,1
VF6666,AMS,SAW,06:30,321,1
VF6710,SAW,AMS,10:05,321,1
VF6711,AMS,SAW,19:00,321,1
VF6740,SAW,AMS,09:40,73M,1
VF6741,AMS,SAW,18:20,73M,1
VF6742,ESB,AMS,17:00,73M,1
VF6743,AMS,ESB,23:30,73M,1
VL018,FRA,HAM,11:00,320,26
VL019,HAM,FRA,13:00,320,26
VL024,FRA,HAM,14:00,320,23
VL025,HAM,FRA,16:00,320,23
VL076,FRA,DUS,15:10,320,26
VL077,DUS,FRA,16:40,320,26
VL1086,FRA,MRS,06:40,320,31
VL1087,MRS,FRA,08:55,320,31
VL1090,FRA,MRS,19:00,320,29
VL1091,MRS,FRA,04:05,320,30
VL1144,FRA,BIO,12:50,320,26
VL1145,BIO,FRA,15:50,320,27
VL1162,FRA,VLC,13:10,320,3
VL1163,VLC,FRA,16:20,320,4
VL1972,MUC,CGN,07:21,319,1
VL2308,MUC,AMS,16:45,320,26
VL2309,AMS,MUC,19:00,320,26
VL800,FRA,ARN,05:20,320,26
VL801,ARN,FRA,07:50,320,26
VL850,FRA,HEL,11:30,320,31
VL851,HEL,FRA,15:15,320,31
VL904,FRA,LHR,08:00,320,31
VL905,LHR,FRA,10:30,320,31
VL906,FRA,LHR,10:00,320,31
VL907,LHR,FRA,12:30,320,31
VL916,FRA,LHR,15:00,320,30
VL917,LHR,FRA,17:30,320,30
VL920,FRA,LHR,18:00,320,31
VL921,LHR,FRA,05:30,320,31
VL924,FRA,LHR,05:00,320,31
VL925,LHR,FRA,07:30,320,31
VL942,FRA,MAN,07:35,320,31
VL943,MAN,FRA,10:10,320,31
VL948,FRA,MAN,20:00,320,31
VL949,MAN,FRA,05:05,320,31
VL9932,MUC,FRA,13:30,320,1
VN030,FRA,SGN,12:05,787,295
VN031,SGN,FRA,16:50,787,290
VN036,FRA,HAN,11:55,787,413
VN037,HAN,FRA,16:25,787,410
VN055,HAN,FRA,03:25,787,1
VN082,AMS,HAN,12:00,350,10
VN083,HAN,AMS,20:50,350,13
VY1374,AMS,ALC,11:55,320,180
VY1375,ALC,AMS,08:15,320,181
VY1376,AMS,ALC,07:40,320,395
VY1377,ALC,AMS,04:10,320,401
VY1378,AMS,ALC,18:50,320,180
VY1379,ALC,AMS,15:15,320,182
VY2901,PMI,AMS,13:15,320,196
VY2902,AMS,PMI,16:40,320,191
VY2903,PMI,AMS,07:40,320,109
VY2904,AMS,PMI,11:10,320,106
VY3322,IBZ,AMS,15:30,320,63
VY3323,AMS,IBZ,19:20,320,61
VY8020,AMS,BCN,17:35,320,179
VY8021,BCN,AMS,14:30,320,181
VY8300,BCN,AMS,05:10,320,390
VY8301,AMS,BCN,08:25,320,381
VY8302,BCN,AMS,12:25,320,376
VY8303,AMS,BCN,12:20,320,390
VY8304,BCN,AMS,16:00,320,269
VY8305,AMS,BCN,19:15,320,266
VY8306,BCN,AMS,13:15,320,352
VY8307,AMS,BCN,16:25,320,349
VY8308,AMS,BCN,05:00,320,415
VY8309,BCN,AMS,08:05,320,394
VY8310,AMS,BCN,15:40,320,298
VY8311,BCN,AMS,17:30,320,346
VY8312,BCN,AMS,09:15,320,320
VY8313,AMS,BCN,20:40,320,317
VY8314,BCN,AMS,08:45,320,26
VY8315,AMS,BCN,12:00,320,26
VY8316,BCN,AMS,06:30,320,56
VY8317,AMS,BCN,09:50,320,56
VY8350,AMS,VLC,20:55,320,67
VY8351,VLC,AMS,17:35,320,69
VY8352,AMS,VLC,05:25,320,372
VY8353,VLC,AMS,09:30,320,373
VY8354,BIO,AMS,06:40,320,232
VY8355,AMS,BIO,08:35,320,230
VY8356,AMS,VLC,19:25,320,61
VY8357,VLC,AMS,15:55,320,61
VY8362,AMS,AGP,12:55,320,232
VY8363,AGP,AMS,16:45,320,237
VY8364,AMS,AGP,05:10,320,381
VY8365,AGP,AMS,09:00,320,385
VY8366,AMS,AGP,19:15,320,353
VY8367,AGP,AMS,15:25,320,353
VY8368,AMS,OVD,05:25,320,126
VY8369,OVD,AMS,18:45,320,127
VY8378,SCQ,AMS,05:10,320,44
VY8379,AMS,SCQ,08:20,320,43
VY8435,AMS,LIS,13:45,320,85
VY8436,LIS,AMS,17:40,320,85
VY8656,AMS,VLC,13:00,320,142
VY8657,VLC,AMS,16:15,320,143
VY923,AMS,BCN,19:15,320,1
VY925,AMS,BCN,06:10,320,1
VY960,BCN,AMS,04:00,320,1
VY961,AMS,ALC,08:06,320,1
W9401,AMS,LTN,12:30,321,1
W95390,POZ,AMS,09:25,321,1
WA1059,AMS,NWI,15:35,E75,237
WA1060,NWI,AMS,16:55,E75,236
WA1069,AMS,SOU,06:35,E75,345
WA1070,SOU,AMS,08:20,E75,344
WA1093,AMS,CWL,15:40,E90,182
WA1094,CWL,AMS,17:25,E90,183
WS070,YHZ,AMS,02:45,73M,140
WS071,AMS,YHZ,12:00,73M,136
WS4172,AMS,YHZ,12:30,73M,1
WS4270,YHZ,AMS,01:00,73M,1
WS4271,AMS,YHZ,09:00,73M,1
WX9043,FRA,CPH,16:00,CR9,10
WX9044,CPH,FRA,10:00,CR9,6
WY117,MCT,FRA,09:30,787,267
WY118,FRA,MCT,17:30,787,241
WY171,MCT,AMS,09:10,787,138
WY172,AMS,MCT,18:25,787,130
X3810,AMS,MUC,14:50,738,1
X3811,MUC,AMS,18:40,738,1
X3910,AMS,HAJ,05:05,73M,1
X3911,HAJ,AMS,13:35,73M,1
X3945,HAJ,AMS,17:30,738,1
XC143,AMS,AYT,12:15,738,1
XC144,AYT,AMS,07:00,738,1
XC1505,AYT,AMS,04:50,738,1
XC1506,AMS,AYT,10:09,738,1
XC167,AMS,AYT,12:15,738,1
XC168,AYT,AMS,07:00,738,1
XC169,FRA,AYT,09:50,738,13
XC170,AYT,FRA,05:00,738,13
XC1847,GZP,AMS,09:45,738,7
XC1848,AMS,GZP,15:00,738,9
XC1883,AYT,AMS,04:00,738,1
XC1884,AMS,AYT,09:20,738,1
XC1891,GZP,AMS,02:45,738,2
XC1892,AMS,GZP,08:13,738,4
XC3593,ADB,AMS,03:40,738,13
XC3594,AMS,ADB,08:20,738,13
XC3595,ADB,AMS,03:30,738,14
XC3596,AMS,ADB,08:25,738,14
XC417,AMS,AYT,12:15,738,2
XC418,AYT,AMS,07:00,738,2
XC5001,AMS,GZP,08:15,738,8
XC5002,GZP,AMS,12:20,738,8
XC5003,AMS,GZP,18:15,738,4
XC5004,GZP,AMS,13:00,738,4
XC541,DNZ,FRA,06:15,738,1
XC5703,AYT,FRA,13:20,73M,3
XC5704,FRA,AYT,19:00,73M,3
XC672,FRA,RTM,12:20,738,1
XC9001,AYT,FRA,10:30,320,2
XC9002,FRA,AYT,15:30,320,2
XC9005,AYT,FRA,04:00,738,1
XC9006,FRA,AYT,08:45,738,3
XC9011,AYT,FRA,12:00,738,1
XC9012,FRA,AYT,16:50,738,1
XC9023,AYT,FRA,12:45,738,1
XC9024,FRA,AYT,17:20,738,1
XC9037,AYT,FRA,04:00,738,1
XC9038,FRA,AYT,08:45,738,1
XC9067,AYT,FRA,10:55,73M,1
XC9068,FRA,DUS,15:31,73M,1
XC9073,AYT,FRA,05:15,738,1
XC9077,AYT,FRA,08:00,738,1
XC9078,FRA,AMS,13:00,738,3
XC9079,AYT,FRA,10:00,320,1
XC9080,FRA,AYT,14:50,320,1
XC9101,AMS,GZP,22:29,738,1
XC9102,GZP,AMS,16:00,738,1
XC9104,CGN,AMS,13:30,738,2
XC9126,FRA,HAM,10:30,738,1
XC9155,AYT,FRA,11:30,738,4
XC9156,FRA,AYT,16:20,738,4
XC9165,AYT,FRA,12:40,73M,4
XC9166,FRA,AYT,17:20,73M,4
XC9177,AYT,FRA,12:40,738,3
XC9178,FRA,AYT,17:20,738,3
XC9179,AYT,FRA,03:51,738,3
XC9180,FRA,AYT,08:50,738,3
XC9281,AYT,FRA,07:40,738,4
XC9282,FRA,AYT,12:55,738,4
XC9507,AMS,IST,15:35,738,1
XC9508,AYT,AMS,09:10,738,1
XC971,AYT,FRA,07:30,738,1
XQ010,FRA,SCN,10:15,738,2
XQ012,FRA,ADB,08:00,738,1
XQ090,FRA,AYT,21:00,73M,1
XQ093,FRA,ARN,14:50,738,1
XQ126,STR,FRA,17:15,738,1
XQ1322,ASR,AMS,07:40,738,121
XQ1323,AMS,ASR,12:40,738,120
XQ140,AYT,FRA,13:35,73M,424
XQ141,FRA,AYT,06:00,73M,423
XQ142,AYT,FRA,12:50,738,297
XQ143,FRA,AYT,17:40,738,285
XQ144,AYT,FRA,04:50,738,311
XQ1444,KYA,AMS,11:05,738,104
XQ1445,AMS,KYA,16:30,738,100
XQ145,FRA,AYT,09:40,738,308
XQ146,AYT,FRA,07:05,738,256
XQ147,FRA,AYT,11:55,738,248
XQ148,AYT,FRA,03:30,738,76
XQ149,FRA,AYT,08:20,738,74
XQ1608,COV,FRA,00:40,738,1
XQ1610,COV,FRA,00:40,738,155
XQ1611,FRA,COV,18:40,73M,151
XQ1614,SZF,FRA,00:50,73M,44
XQ1615,FRA,SZF,18:40,73M,41
XQ1620,GZT,FRA,12:50,738,84
XQ1621,FRA,GZT,15:50,738,83
XQ1626,DIY,FRA,00:15,73M,22
XQ1627,FRA,DIY,18:40,73M,21
XQ1630,EZS,FRA,00:30,73M,39
XQ1631,FRA,EZS,18:40,73M,36
XQ1640,TZX,FRA,23:55,738,31
XQ1641,FRA,TZX,18:10,738,29
XQ1650,ASR,FRA,00:50,73M,110
XQ1651,FRA,ASR,18:40,73M,106
XQ1728,COV,AMS,03:40,738,21
XQ1729,AMS,COV,09:20,738,21
XQ3140,BJV,FRA,03:35,738,96
XQ3141,FRA,BJV,08:15,738,95
XQ3540,DLM,FRA,13:30,73M,116
XQ3541,FRA,DLM,06:10,73M,114
XQ440,AYT,FRA,03:50,738,20
XQ441,FRA,AYT,13:05,738,20
XQ442,AYT,FRA,00:55,73M,14
XQ443,FRA,AYT,18:40,73M,14
XQ544,AYT,AMS,03:30,738,12
XQ545,AMS,AYT,09:00,738,12
XQ720,ASR,FRA,01:50,738,16
XQ721,FRA,ASR,07:00,738,16
XQ722,ASR,AMS,06:55,738,25
XQ723,AMS,ASR,12:40,738,24
XQ744,KYA,AMS,13:25,738,28
XQ745,AMS,KYA,08:35,738,27
XQ762,GZT,FRA,03:00,738,14
XQ763,FRA,GZT,08:20,738,14
XQ770,EZS,FRA,01:35,738,1
XQ771,FRA,EZS,17:45,738,1
XQ772,ESB,AMS,10:20,738,162
XQ773,AMS,ESB,15:30,738,156
XQ780,COV,FRA,01:35,738,28
XQ781,FRA,COV,07:00,738,28
XQ792,ESB,FRA,02:20,738,262
XQ793,FRA,ESB,07:10,738,260
XQ900,ADB,FRA,05:20,738,1
XQ901,FRA,ADB,09:40,738,1
XQ910,ADB,FRA,04:15,73M,357
XQ911,FRA,ADB,08:35,73M,354
XQ944,ADB,AMS,13:05,73M,361
XQ945,AMS,ADB,17:50,73M,356
XQ954,ADB,AMS,08:30,73M,2
XQ955,AMS,ADB,13:30,73M,2
XQ970,ADB,FRA,08:35,73M,414
XQ971,FRA,ADB,12:55,73M,404
XQ990,ADB,FRA,13:50,738,175
XQ991,FRA,ADB,18:10,738,170
XR147,HER,AMS,03:01,738,9
XR148,AMS,HER,07:40,738,19
XR5825,HRG,FRA,08:00,738,5
XR5826,FRA,HRG,14:00,738,5
XR5851,HRG,FRA,13:25,738,4
XR5852,FRA,HRG,19:30,738,4
Y87411,NKG,AMS,20:00,744,53
Y87412,AMS,NKG,11:20,744,48
Y87413,NKG,AMS,00:35,744,49
Y87414,AMS,NKG,15:55,744,43
Y87415,PVG,AMS,23:00,744,10
Y87416,AMS,PVG,15:00,744,7
Y87419,NKG,AMS,19:30,77L,54
Y87420,AMS,NKG,16:05,77L,23
Y87425,AMS,ZIA,12:20,744,16
Y87426,PVG,AMS,23:00,744,1
Y87427,TSN,AMS,22:00,744,13
Y87429,CKG,AMS,04:05,77L,9
Y87430,AMS,CKG,10:00,77L,14
Y87433,CKG,AMS,02:00,744,57
Y87434,AMS,CKG,11:15,744,50
Y87447,PVG,AMS,20:30,772,4
Y87448,AMS,PVG,10:00,77L,22
Y87451,ORD,AMS,00:01,744,5
Y87919,NKG,AMS,00:05,77L,18
Y87920,AMS,NKG,07:00,77L,4
Y87921,NKG,AMS,02:00,77L,1
Y87922,AMS,PVG,15:25,77L,8
Y87931,CKG,AMS,09:00,77L,6
Y87932,AMS,CKG,11:40,77L,7
Y87939,AMS,OSL,08:25,77L,5
YW001,FRA,MAD,08:15,CR9,3
YW003,FRA,MAD,04:15,CR9,3
YY98002,FRA,BER,09:00,CNA,2
YY98008,BER,FRA,12:15,CNA,2
YY98034,MUC,FRA,08:00,CNA,1
YY98088,ZRH,FRA,07:25,CNA,1
YY98090,FRA,BWE,18:30,CNA,1
YY98288,FRA,ANR,12:00,CNA,2
YY98327,FRA,LOS,09:40,737,3
YY98386,GVA,FRA,07:00,CNA,1
YY98409,FRA,BER,09:15,CNA,2
YY98554,FRA,FLR,17:45,CNA,1
YY98582,BER,FRA,05:26,CNA,6
YY98592,BER,FRA,09:00,CNA,3
YY98594,BER,FRA,14:50,CNA,3
YY98647,FRA,BLQ,08:00,CNA,1
YY98846,CGN,FRA,07:30,CNA,3
YY98895,FRA,LGG,11:35,CNA,2
ZQ0117,BSL,AMS,17:00,E90,1
ZQ0741,OSL,AMS,12:25,E90,1
ZQ1282,AAL,AMS,04:30,E90,1
ZQ1413,CGN,AMS,08:39,E90,1
ZQ1760,BRE,AMS,04:15,E90,2
ZQ1767,AMS,BRE,19:07,E90,1
ZQ1803,DUS,AMS,13:35,E90,1
ZQ1815,AMS,FRA,06:40,E90,1
ZQ1844,NUE,AMS,12:55,E90,1
ZQ1902,STR,AMS,12:10,E90,1
ZQ1903,LUX,AMS,12:25,E90,1
ZQ1942,BSL,AMS,04:15,E90,1
ZQ2165,NCL,AMS,09:20,E90,1
ZQ2206,NUE,AMS,17:48,E90,1
ZQ2346,LUX,AMS,13:30,E90,1
ZQ2437,KSF,AMS,10:30,E90,1
ZQ2535,LCY,AMS,17:00,E90,1
ZQ2537,AMS,CGN,21:30,E90,1
ZQ2546,AMS,CGN,19:40,E90,1
ZQ2648,AMS,CGN,11:30,E90,1
ZQ2657,CGN,AMS,13:40,E90,1
ZQ2713,CGN,AMS,08:26,E90,1
ZQ2955,BSL,AMS,12:40,E90,1
ZQ3157,CGN,AMS,14:00,E90,1
ZQ3175,AMS,CGN,12:20,E90,1
ZQ3264,AMS,CGN,07:30,E90,1
ZQ3364,AMS,CGN,18:50,E90,2
ZQ3468,DUS,AMS,18:25,E90,1
ZQ3648,MUC,AMS,18:15,E90,1
ZQ3649,DUS,AMS,05:35,E90,1
ZQ3672,CGN,AMS,09:00,E90,1
ZQ4153,AMS,CGN,16:00,E90,1
ZQ4346,CGN,AMS,18:00,E90,1
ZQ4358,CGN,AMS,13:30,E90,2
ZQ4368,AMS,CGN,15:45,E90,1
ZQ4386,AMS,CGN,16:00,E90,1
ZQ4457,CGN,AMS,08:35,E90,1
ZQ4475,CGN,AMS,09:28,E90,1
ZQ4482,AMS,CGN,17:10,E90,1
ZQ4526,AMS,CGN,16:15,E90,1
ZQ4537,CGN,AMS,18:20,E90,1
ZQ4568,AMS,CGN,13:10,E90,1
ZQ4573,CGN,AMS,09:15,E90,1
ZQ4683,AMS,CGN,16:00,E90,1
ZQ4757,CGN,AMS,17:30,E90,1
ZQ5148,CGN,AMS,12:22,E90,1
ZQ5173,AMS,CGN,11:38,E90,1
ZQ5365,AMS,CGN,15:50,E90,1
ZQ5379,CGN,AMS,13:00,E90,1
ZQ5426,AMS,CGN,16:16,E90,1
ZQ5485,AMS,CGN,19:00,E90,1
ZQ5537,CGN,AMS,05:50,E90,1
ZQ5546,AMS,CGN,14:45,E90,1
ZQ5637,CGN,AMS,08:45,E90,1
ZQ5764,CGN,AMS,14:00,E90,1
ZQ6253,CGN,AMS,05:50,E90,1
ZQ6384,AMS,CGN,16:00,E90,1
ZQ6757,AMS,CGN,11:02,E90,1
ZQ7153,AMS,CGN,14:25,E90,2
ZQ7156,KSF,AMS,12:00,E90,1
ZQ7157,CGN,AMS,13:24,E90,1
ZQ7346,AMS,CGN,18:30,E90,1
ZQ7348,AMS,CGN,11:40,E90,1
ZQ7379,CGN,AMS,08:36,E90,1
ZQ7513,AMS,CGN,10:35,E90,1
ZQ7539,CGN,AMS,11:55,E90,2
ZQ7748,AMS,CGN,20:20,E90,1
ZQ7991,AAL,AMS,09:07,E90,1
ZQ8146,CGN,AMS,12:27,E90,1
ZQ8157,AMS,CGN,19:20,E90,1
ZQ8168,AMS,CGN,15:15,E90,1
ZQ8174,EXT,AMS,18:15,E90,1
ZQ8353,ABZ,AMS,09:00,E90,1
ZQ8357,CGN,AMS,09:50,E90,1
ZQ8379,CGN,AMS,04:41,E90,1
ZQ8426,AMS,CGN,11:30,E90,1
ZQ8462,AMS,CGN,12:05,E90,1
ZQ8467,AAL,AMS,14:28,E90,1
ZQ8535,CGN,AMS,08:53,E90,1
ZQ8555,HAJ,AMS,08:00,E90,1
ZQ8556,CGN,AMS,12:25,E90,1
ZQ8579,AMS,EXT,12:50,E90,1
ZQ8626,AMS,RLG,05:55,E90,1
ZQ8654,KSF,AMS,13:00,E90,1
ZQ8657,AAL,AMS,08:35,E90,2
ZQ8683,AMS,CGN,15:50,E90,1
ZQ8735,CGN,AMS,18:20,E90,1
ZQ8754,CGN,AMS,06:30,E90,1
ZQ9912,AAL,AMS,12:20,E90,1
ZT7081,FRA,LOS,05:15,321,1
ZT7082,ACC,FRA,12:00,321,1
ZT8031,LPL,FRA,18:30,321,1
ZT8032,FRA,LPL,10:55,320,1
ZZ5120,IST,VKO,17:15,ER4,1
